profile_id,name,abbreviated,rating,reviews_count,avatar,about,education,experience,achievements,services,photos,documents,geo,full_name,phone
FeldmanIV,Инна Владимировна Фельдман,Инна Ф.,"4,99",154,//cdn.profi.ru/xfiles/pfiles/941b8dd29b6a4ae4b752d44a13213b31.jpg-profi_a34-240.jpg,"<p>Здравствуйте! Приглашаю на&nbsp;занятия школьников 6&#8722;11, которые хотят подружиться с&nbsp;математикой и&nbsp;сдать экзамены на&nbsp;высокий балл. Огромный опыт работы репетитором, идеальный контакт с&nbsp;учениками, эффективная методика позволяют достичь отличных результатов. <br />
Являюсь автором образовательного сайта по&nbsp;подготовке к&nbsp;ЕГЭ и&nbsp;ОГЭ. В&nbsp;занятиях использую авторские видеокурсы. <br />
Занятия строго индивидуальные, для каждого ученика разрабатываю индивидуальную программу, которая ориентирована на&nbsp;достижение максимального для данного ученика результата. Для проведения дистанционных занятий использую российские сервисы.</p>
<p>Я&nbsp;профессиональный репетитор по&nbsp;математике. Окончила МГУ им.&nbsp;Ломоносова, факультет вычислительной математики и&nbsp;кибернетики. До&nbsp;недавнего времени работала в&nbsp;школе, в&nbsp;классах с&nbsp;углублённым изучением математики. Мой педагогический стаж более 25 лет.</p>
<p>Последнее время я&nbsp;много времени уделяю записи видеолекций и&nbsp;видеокурсов по&nbsp;различным разделам математики, в&nbsp;частности, по&nbsp;подготовке к&nbsp;ЕГЭ. Они позволяют ученикам повторить уже изученные темы или освоить новый материал самостоятельно, если у&nbsp;нас образуется дефицит времени. Использование видеолекций дает возможность вдвое сократить стоимость обучения: ученик имеет возможность с&nbsp;их&nbsp;помощью самостоятельно повторять теорию и&nbsp;изучать алгоритмы решения задач. Тогда мы&nbsp;можем все время занятия уделить отработке навыков решения задач.</p>
<p>Я&nbsp;готовлю к&nbsp;ОГЭ и&nbsp;ЕГЭ, занимаюсь со&nbsp;школьниками, которые хотят улучшить или углубить свои знания по&nbsp;алгебре и&nbsp;геометрии. </p>
<p>Мои ученики успешно сдавали экзамены в&nbsp;престижные вузы Москвы: РЭА им.&nbsp;Плеханова, МГИМО, МИФИ, ВШЭ, МГУ им.&nbsp;Ломоносова, ГУУ и&nbsp;другие. </p>
<p>По&nbsp;второму образованию я&nbsp;психолог (в&nbsp;2008 году окончила Институт Интегративной Семейной Терапии), поэтому мне легко удаётся понять, какие качества мешают школьнику научиться решать задачи по&nbsp;математике. Это может быть невнимательность или боязнь получить неправильный ответ, или нежелание признавать свои ошибки, или привычка действовать по&nbsp;шаблону, или неумение проверить себя в&nbsp;процессе решения задачи. </p>
<p>На&nbsp;наших занятиях мы&nbsp;не&nbsp;только учимся решать задачи, развиваем логику и&nbsp;математическое мышление. Мы&nbsp;учимся справляться со&nbsp;страхом неудачи, не&nbsp;опускать руки перед трудностями, осознавать качества, которые мешают учиться, начинать всё с&nbsp;нуля, активизировать знания и&nbsp;искать решение в&nbsp;ситуации, когда не&nbsp;знаешь, с&nbsp;чего начать. </p>
<p>Я&nbsp;помогу научиться видеть структуру в&nbsp;математической задаче: разбивать сложную задачу на&nbsp;маленькие, маленькие на&nbsp;элементарные, для каждой элементарной использовать известный понятный алгоритм.</p>
<p>Математика как наука представляет собой стройную, логичную, непротиворечивую теорию. Я&nbsp;очень радуюсь, если мне удаётся раскрыть ученикам взаимосвязи, показать, как из&nbsp;одного факта вытекает другой, как они складываются в&nbsp;общую картину. И&nbsp;не&nbsp;имеет значения уровень подготовленности ученика: картина может обрастать частностями, подробностями (теоремами и&nbsp;алгоритмами), но&nbsp;суть её&nbsp;от&nbsp;этого не&nbsp;меняется. Увидеть за&nbsp;частностями общую закономерность, а&nbsp;поняв её, не&nbsp;забыть про частности&nbsp;— это умение прекрасно развивается именно при решении математических задач, и&nbsp;именно оно наилучшим образом способствует их&nbsp;решению. </p>
<p>Я&nbsp;с&nbsp;большим уважением отношусь к&nbsp;тому, что другой человек может совершенно не&nbsp;понимать элементарные, с&nbsp;моей точки зрения, вещи. Не&nbsp;устаю объяснять материал до&nbsp;полного его понимания. Учитываю на&nbsp;уроках наличие дефицита внимания у&nbsp;ученика. </p>
<p>Мой опыт показывает, что детям, как правило, начинает нравиться математика, если они её&nbsp;понимают, если у&nbsp;них получается решать задачи. Но&nbsp;у&nbsp;каждого ребёнка есть свой «потолок», свой уровень компетентности. И&nbsp;важно, чтобы обучение происходило именно на&nbsp;границе компетентности данного конкретного ребёнка: «я&nbsp;могу решить эту задачу&nbsp;— я&nbsp;крут!». Выход в&nbsp;область некомпетентности часто влечёт за&nbsp;собой потерю интереса к&nbsp;предмету: «я&nbsp;всё равно ничего не&nbsp;понимаю». Занижение «потолка», решение слишком простых для данного ребёнка задач вызывает скуку и, как следствие, потерю интереса. Поэтому на&nbsp;своих занятиях я&nbsp;стараюсь найти баланс между стремлением достичь определённой цели (сдать ЕГЭ на&nbsp;нужный балл, подтянуть предмет, поступить в&nbsp;престижную школу) и&nbsp;тем, что в&nbsp;реальности можно требовать от&nbsp;конкретного ребёнка. </p>
<p>Часто родители приводят детей, которые хотят получить высокий балл на&nbsp;ЕГЭ. Но&nbsp;уже после первого занятия выясняется, что у&nbsp;ребёнка отсутствуют базовые навыки. К&nbsp;сожалению, я&nbsp;не&nbsp;экстрасенс и&nbsp;не&nbsp;могу научить за&nbsp;несколько занятий тому, на&nbsp;что в&nbsp;школе уходит несколько лет. Я&nbsp;не&nbsp;могу ввести все необходимые знания «внутривенно»&nbsp;— их&nbsp;надо «переварить» и&nbsp;ассимилировать. К&nbsp;сожалению, родители, которые внезапно незадолго до&nbsp;ЕГЭ заметили, что у&nbsp;ребёнка хромает математика, и&nbsp;настроены на&nbsp;быстрый результат, бывают разочарованы, когда видят, что обучение продвигается не&nbsp;с&nbsp;той скоростью, как им&nbsp;хотелось&nbsp;бы. </p>
<p>Ещё раз могу заверить, что мы (именно МЫ) двигаемся с&nbsp;максимальной скоростью, на&nbsp;которую способен ученик. </p>
<p>Я&nbsp;не «натаскиваю» на&nbsp;решение определённых задач: я&nbsp;объясняю основные принципы решения, достаточно универсальные для целого класса задач. Этот подход, наряду с&nbsp;требованием знания необходимой теории, наиболее продуктивен и&nbsp;даёт хороший результат.</p>
<p>Мои ученики ходят на&nbsp;занятия с&nbsp;удовольствием: очень быстро у&nbsp;нас устанавливаются тёплые, доверительные отношения. Однако это не&nbsp;сказывается на&nbsp;строгости в&nbsp;отношении выполнения домашних заданий и&nbsp;знания теории. </p>
<p>На&nbsp;занятиях ученики решают много задач самостоятельно, поскольку именно активная самостоятельная работа, и&nbsp;последующее совместное пошаговое обсуждение решения помогают</p>
<ul>
<li>выявить и&nbsp;устранить точки непонимания материала, или пробелы в&nbsp;теории,</li>
<li>осознать и&nbsp;устранить причины ошибок, </li>
<li>научиться контролировать этапы решения и&nbsp;делать промежуточную проверку,</li>
<li>скорректировать неоптимальный ход решения.</li>
</ul>
<p>Мои условия очень просты:</p>
<ol>
<li>Желательно, чтобы сам ученик хотел улучшить сложившуюся у&nbsp;него ситуацию с&nbsp;математикой и&nbsp;понимал, что для этого ему нужны дополнительные занятия. Если ребёнок ходит на&nbsp;занятия только потому, что его заставляют родители, то&nbsp;толку от&nbsp;таких занятий существенно меньше.</li>
<li>Я&nbsp;работаю только дистанционно.</li>
<li>Об&nbsp;отмене занятия необходимо сообщать не&nbsp;менее, чем за&nbsp;24 часа до&nbsp;его проведения. Об&nbsp;отмене занятия по&nbsp;болезни сообщают родители ученика. В&nbsp;случае отмены занятия менее, чем за&nbsp;24 часа до&nbsp;его начала, занятие оплачивается.</li>
<li>Стоимость занятий указана на&nbsp;сайте. Она остаётся неизменной в&nbsp;течение учебного года.</li>
</ol>
<p>Я&nbsp;сотрудничаю только с&nbsp;компанией «Профи», поскольку считаю, что уровень организации и&nbsp;уровень человеческого общения сотрудников компании с&nbsp;клиентами и&nbsp;репетиторами соответствует самым высоким стандартам.</p>","МГУ им. М.В. Ломоносова, факультет вычислительной математики и кибернетики | Аспирантура Института теории образования и педагогики | Институт интегративной семейной терапии, психолог","Школа-комплекс «Царицыно» №548, преподаватель в классах с углублённым изучением математики | Опыт репетиторской деятельности – школьники, абитуриенты | На сервисе с августа 2007 г. (19 лет)","Подтвердила уровень знаний — Прошла тест с заданиями уровня ЕГЭ, GMAT и олимпиад по математике | Высшая квалификационная категория",математика: от 5600 ₽ | ЕГЭ по математике: от 5600 ₽ | ЕГЭ по математике (профильный уровень): от 5600 ₽ | ЕГЭ по математике (базовый уровень): от 5600 ₽ | ОГЭ по математике: от 5600 ₽ | геометрия: от 5600 ₽ | планиметрия: от 5600 ₽ | стереометрия: от 5600 ₽ | элементарная математика: от 5400 ₽ | тригонометрия: от 5600 ₽,//cdn.profi.ru/xfiles/pfiles/eb84634cd60c4ce28129dffa199dd7f8.png-profi_w1500.jpg | //cdn.profi.ru/xfiles/pfiles/d6aed583dc09480d8580717297defd6a.png-profi_w1500.jpg | //cdn.profi.ru/xfiles/pfiles/e9406e0fe79842129dcf4901f48112e6.png-profi_w1500.jpg | //cdn.profi.ru/xfiles/pfiles/bf9d3621e354440f82ba03053bf5d1d4.png-profi_w1500.jpg | //cdn.profi.ru/xfiles/pfiles/e5d5eb8332e34392b1eafd51237e8d52.png-profi_w1500.jpg | //cdn.profi.ru/xfiles/pfiles/da5024544e96413796c80be94ee5bcce.png-profi_w1500.jpg | //cdn.profi.ru/xfiles/pfiles/a91237f4f70241dc8d7beba6c5ffbca2.png-profi_w1500.jpg | //cdn.profi.ru/xfiles/pfiles/00e04ef3a4bb4211ae85e55dec587f53.png-profi_w1500.jpg | //cdn.profi.ru/xfiles/pfiles/44a87e734e3a411fb3205ec6743cb02d.png-profi_w1500.jpg | //cdn.profi.ru/xfiles/pfiles/3c322b91f42d47c99770a31d7e8c1560.png-profi_w1500.jpg,//cdn.profi.ru/xfiles/pfiles/eb84634cd60c4ce28129dffa199dd7f8.png-profi_w1500.jpg | //cdn.profi.ru/xfiles/pfiles/d6aed583dc09480d8580717297defd6a.png-profi_w1500.jpg | //cdn.profi.ru/xfiles/pfiles/e9406e0fe79842129dcf4901f48112e6.png-profi_w1500.jpg | //cdn.profi.ru/xfiles/pfiles/bf9d3621e354440f82ba03053bf5d1d4.png-profi_w1500.jpg | //cdn.profi.ru/xfiles/pfiles/e5d5eb8332e34392b1eafd51237e8d52.png-profi_w1500.jpg | //cdn.profi.ru/xfiles/pfiles/da5024544e96413796c80be94ee5bcce.png-profi_w1500.jpg | //cdn.profi.ru/xfiles/pfiles/a91237f4f70241dc8d7beba6c5ffbca2.png-profi_w1500.jpg | //cdn.profi.ru/xfiles/pfiles/00e04ef3a4bb4211ae85e55dec587f53.png-profi_w1500.jpg | //cdn.profi.ru/xfiles/pfiles/44a87e734e3a411fb3205ec6743cb02d.png-profi_w1500.jpg | //cdn.profi.ru/xfiles/pfiles/3c322b91f42d47c99770a31d7e8c1560.png-profi_w1500.jpg,,Инна Владимировна Фельдман,
KulakovaAV,Анна Валерьевна Абрамова,Анна А.,"4,91",99,//cdn.profi.ru/xfiles/pfiles/48edab107c42441f9cee51cd36cc1dd9.jpg-profi_a34-240.jpg,"<p>Эксперт ЕГЭ по&nbsp;математике (удостоверение ФИПИ, 2026&nbsp;г.)</p>
<p>В&nbsp;данный момент проводится набор: <br />
—&nbsp;учеников 8&nbsp;— 10 классов на&nbsp;занятия по&nbsp;углубленной программе по&nbsp;математике и&nbsp;физике<br />
—&nbsp;учеников 7&#8722;11 классов для подготовки к&nbsp;ЕГЭ, IB&nbsp;SL/HL, A-level, IGCSE, AP&nbsp;Calculus AB/BC.</p>
<p>Дорогие ребята и&nbsp;уважаемые родители! Рада приветствовать вас на&nbsp;своей странице.<br />
Чем я&nbsp;занимаюсь.<br />
Основное направление моей работы&nbsp;— подготовка к&nbsp;ЕГЭ по&nbsp;математике. </p>
<p>В&nbsp;2003 году, будучи ещё одиннадцатиклассницей, я&nbsp;сама сдавала ЕГЭ (результат&nbsp;— 96 баллов), поэтому прекрасно представляю себе эту «кухню». </p>
<p>Занятия проходят индивидуально или в&nbsp;мини-группах по&nbsp;2&#8722;3 человека одного уровня подготовки. </p>
<p>Для большинства учеников эффективность занятий в&nbsp;мини-группе оказывается выше, чем эффективность занятий в&nbsp;одиночку. Почему? В&nbsp;группе срабатывает чувство конкуренции, ученики становятся более дисциплинированными и&nbsp;сосредоточенными. Более того, некоторые формы работы доступны только в&nbsp;группе (например, проверить другого, и&nbsp;в&nbsp;итоге научиться быстрее искать недочёты в&nbsp;своих собственных решениях). В&nbsp;мини-группе более рационально расходуется время (например, теорию можно послушать и&nbsp;вдвоём), что напрямую влияет на&nbsp;цену занятия в&nbsp;пользу ученика. </p>
<p>Очень хорошо заниматься летом&nbsp;— когда голова не&nbsp;загружена школой, оценками и&nbsp;сочинениями, много свободного времени, а&nbsp;утром не&nbsp;нужно никуда торопиться. </p>
<p>Другое направление моей деятельности&nbsp;— математика и&nbsp;физика на&nbsp;английском языке для старшеклассников. </p>
<p>Несколько лет назад ко&nbsp;мне попал ученик по&nbsp;имени Тэд, семья которого переехала в&nbsp;Москву из&nbsp;Таиланда. А&nbsp;потом помощь понадобилась и&nbsp;его однокласснику, с&nbsp;которым они вместе учились в&nbsp;англо-американской школе. Это были первые иностранцы, с&nbsp;которыми я&nbsp;занималась математикой на&nbsp;неродном мне языке. </p>
<p>Сейчас английская программа всё чаще нужна русским ребятам. Не&nbsp;только тем, кому предстоит сдавать SAT или&nbsp;AP для поступления в&nbsp;западные вузы, но&nbsp;и&nbsp;студентам «продвинутых» московских вузов, где некоторые предметы преподаются на&nbsp;английском.<br />
Дистанционные занятия.<br />
В&nbsp;2010 году мне написала мама очень хорошей девочки Ирины (ныне&nbsp;— студентки университета Маастрихта в&nbsp;Нидерландах) с&nbsp;просьбой помочь с&nbsp;математикой по&nbsp;Skype. Ира училась в&nbsp;Китае по&nbsp;углублённой англоязычной программе, и&nbsp;поэтому физически не&nbsp;могла приезжать ко&nbsp;мне. Тогда я&nbsp;совсем не&nbsp;представляла, как можно полноценно заниматься через Skype (а&nbsp;формулы как писать? а&nbsp;графики рисовать где?), и&nbsp;хотела было отказаться. Но, знаете, математика на&nbsp;английском для меня&nbsp;— как красная тряпка для быка, поэтому я&nbsp;согласилась, о&nbsp;чём впоследствии ни&nbsp;разу не&nbsp;пожалела. </p>
<p>От&nbsp;Иры я&nbsp;узнала и&nbsp;про виртуальную доску, на&nbsp;которой могут писать и&nbsp;учитель, и&nbsp;ученик одновременно, и&nbsp;про планшет, с&nbsp;которым проблема написания формул и&nbsp;рисования отпала сразу.<br />
О&nbsp;себе.<br />
В&nbsp;2009 году я&nbsp;окончила МФТИ. Физтех дал не&nbsp;только крепкий математический фундамент, но и, будучи хорошей школой жизни, научил меня обучаться в&nbsp;короткие сроки, быстро структурировать информацию. Я&nbsp;поняла, что математике реально научить любого. </p>
<p>С&nbsp;2011 года я&nbsp;работаю в&nbsp;Центре дополнительного образования для школьников. Той&nbsp;же осенью стала первой в&nbsp;рейтинге преподавателей математики по&nbsp;Москве. Центр дал мне возможность заниматься с&nbsp;группами от&nbsp;3 до&nbsp;14 ребят разного уровня. Именно здесь я&nbsp;научилась работать с&nbsp;максимальной пользой для каждого ученика и&nbsp;вынесла для себя, что по&nbsp;соотношению «цена-качество» наиболее эффективными для ученика являются не&nbsp;индивидуальные занятия (как кажется сначала), а&nbsp;мини-группа, состоящая из&nbsp;2&#8722;5 человек. </p>
<p>В&nbsp;2013 году я&nbsp;закончила обучение на&nbsp;педагогическом факультете МГУ им.&nbsp;Ломоносова. Обучение в&nbsp;МГУ внесло неоценимый вклад в&nbsp;развитие моих уроков. Новые техники, приёмы я&nbsp;с&nbsp;удовольствием стала применять на&nbsp;своих занятиях.</p>
<p>Что нужно для занятий.<br />
Для занятий нужна ручка, тетрадь в&nbsp;клеточку и, самое главное,&nbsp;— желание ученика постоянно заниматься. </p>
<p>Ребята, начинайте готовиться к&nbsp;экзаменам заранее, хотя&nbsp;бы за&nbsp;год, и&nbsp;тогда появление вашей фамилии в&nbsp;списке поступивших не&nbsp;заставит себя ждать!<br />
Успехов на&nbsp;экзамене!</p>","Московский физико-технический институт, факультет радиотехники и кибернетики | Московский государственный университет им. М.В. Ломоносова, педагогический факультет, квалификация – преподаватель | Свидетельство Preparing for the AP Calculus AB and BC Exams (University of Houston System, Coursera) | Московский институт психоанализа, современные технологии в педагогике: нейроразвивающее консультирование детей и подростков | Федеральный институт педагогических измерений, подготовка экспертов для работы в региональной предметной комиссии при проведении ГИА по образовательным программам среднего общего образования по предмету «Математика»",Опыт репетиторства | Преподаватель математики в Центре дополнительного образования «Юниум» | На сервисе с марта 2006 г. (20 лет),"Сертификаты международных экзаменов: TOEFL, GRE Subject Test in Mathematics | Подтвердила уровень знаний — Прошла тест с заданиями уровня ЕГЭ, GMAT и олимпиад по математике | Подтвердила уровень знаний — Прошла тест с заданиями уровня ЕГЭ, GMAT и олимпиад по физике",математика: 2000 - 5000 ₽ | ЕГЭ по математике: 2000 - 5000 ₽ | ЕГЭ по математике (профильный уровень): 1700 - 5000 ₽ | ЕГЭ по математике (базовый уровень): от 5000 ₽ | ОГЭ по математике: 1700 - 5000 ₽ | алгебра: 1700 - 5000 ₽ | высшая математика: 1700 - 5000 ₽ | AP Calculus BC: 1700 - 5000 ₽ | AP Calculus AB: 1700 - 5000 ₽ | ВПР по математике: от 1700 ₽,//cdn.profi.ru/xfiles/pfiles/0d7a825001d74e8fa87e404cc5480d5f.jpg-profi_w1500.jpg | //cdn.profi.ru/xfiles/pfiles/f1734fd5ad9146d1af8de16eeda5e7f6.jpg-profi_w1500.jpg | //cdn.profi.ru/xfiles/pfiles/429147f2e1e7404e889ef96acb2c7b88.jpg-profi_w1500.jpg,//cdn.profi.ru/xfiles/pfiles/0d7a825001d74e8fa87e404cc5480d5f.jpg-profi_w1500.jpg | //cdn.profi.ru/xfiles/pfiles/f1734fd5ad9146d1af8de16eeda5e7f6.jpg-profi_w1500.jpg | //cdn.profi.ru/xfiles/pfiles/429147f2e1e7404e889ef96acb2c7b88.jpg-profi_w1500.jpg,Принимает у себя: Фрунзенская,Анна Валерьевна Абрамова,
GoldaevaAA,Анна Алексеевна Голдаева,Анна Г.,"4,99",99,//cdn.profi.ru/xfiles/pfiles/32c01839910646ceb4a7f411059f126f.jpg-profi_a34-240.jpg,"<p>Действующий преподаватель МГУ, кандидат физико-математических наук. Участвую в&nbsp;проведении и&nbsp;проверке вступительных экзаменов, с&nbsp;2011 года&nbsp;— ДВИ, а&nbsp;также олимпиад «Покори Воробьевы горы!» и «Ломоносов».</p>
<p>Более 20 лет занимаюсь подготовкой школьников к&nbsp;различным экзаменам и&nbsp;олимпиадам. В&nbsp;результате занятий более 500 школьников поступило в&nbsp;топовые вузы страны, такие как МГУ, ВШЭ, МФТИ, СПбГУ, МГТУ им.&nbsp;Баумана и&nbsp;др. </p>
<p><strong>Результаты:</strong></p>
<p>2026: 30% написали на&nbsp;100 баллов, 67% - выше 90 баллов, 92% - выше 80 баллов.</p>
<p>За&nbsp;последние 5 лет более 82% учеников написали ЕГЭ на&nbsp;86&#8722;100 баллов, 26% написали ДВИ на&nbsp;100 баллов, около 90% учащихся олимпиадных групп стали победителями и&nbsp;призерами таких олимпиад, как «Ломоносов», «Покори Воробьевы горы!», «Физтех». «Росатом», ОММО и&nbsp;др.</p>
<p>Предлагаю</p>
<ol>
<li><p>Уникальный авторский курс подготовки к&nbsp;ЕГЭ. Цель обучения состоит в&nbsp;том, чтобы ученики получили системные фундаментальные знания, поняли и&nbsp;полюбили математику. В&nbsp;первую очередь я&nbsp;учу думать, анализировать и&nbsp;рассуждать, а&nbsp;не&nbsp;бессмысленно заучивать типовые шаблоны решения задач. В&nbsp;рамках подготовки к&nbsp;ЕГЭ наибольшее внимание на&nbsp;занятиях уделяется задачам повышенной сложности из&nbsp;второй части.</p></li>
<li><p>Подготовку к&nbsp;ДВИ. Ежегодно я&nbsp;принимаю участие в&nbsp;его проведении и&nbsp;проверке, знаю все критерии и&nbsp;особенности. На&nbsp;занятиях мы&nbsp;разбираем всевозможные темы, которые могут встретиться на&nbsp;экзамене; при этом особенное внимание уделяется тому, что дается большинству учащихся с&nbsp;трудом&nbsp;— геометрии, задачам с&nbsp;параметром, а&nbsp;также нестандартным задачам.</p></li>
<li><p>Подготовку к&nbsp;перечневым олимпиадам, дающим возможность поступления. В&nbsp;процессе решения нестандартных олимпиадных задач учащиеся знакомятся с&nbsp;интересными приемами, которые не&nbsp;разбирают даже в&nbsp;сильных школах с&nbsp;углубленным изучением математики.</p></li>
</ol>
<p><strong>Методика работы</strong>:</p>
<p>За&nbsp;более, чем 20-летний опыт работы я&nbsp;смогла попробовать различные форматы занятий и&nbsp;сравнить&nbsp;их. Наиболее эффективными показали себя занятия в&nbsp;мини-группах из&nbsp;трёх-четырёх человек. Благодаря конкуренции занятия проходят динамичнее, чем индивидуальные, и&nbsp;вместе с&nbsp;тем у&nbsp;учащихся развивается навык работы в&nbsp;команде. Они помогают друг другу, тем самым повышая свой уровень знаний, поскольку материал действительно усвоен только в&nbsp;том случае, если учащийся может доступно объяснить его другим. Так, благодаря занятиям в&nbsp;группе, моя ученица Кристина стала призером различных олимпиад и&nbsp;успешно поступила на&nbsp;мехмат МГУ, Никита при начальном уровне 50 баллов получил на&nbsp;ЕГЭ 94 балла и&nbsp;тоже является студентом мехмата, а&nbsp;Евгений написал ДВИ на&nbsp;100 баллов и&nbsp;поступил на&nbsp;ВМК.</p>
<p>В&nbsp;течение последних лет успешно работаю с&nbsp;учениками дистанционно. Для работы я&nbsp;использую виртуальную доску и&nbsp;графический планшет, от&nbsp;учащихся требуется только наличие компьютера с&nbsp;выходом в&nbsp;интернет. Онлайн-занятия очень удобны не&nbsp;только для абитуриентов из&nbsp;других регионов, но&nbsp;и&nbsp;для москвичей: благодаря таким занятиям можно сэкономить время и&nbsp;силы на&nbsp;дорогу. </p>
<p>Хочу подчеркнуть, что все достижения моих учеников являются результатами их&nbsp;упорного труда в&nbsp;течение одного-двух лет. Я&nbsp;занимаюсь только с&nbsp;теми учащимися, которые могут и&nbsp;хотят учиться. Волшебных приемов для того, чтобы моментально переложить мои знания в&nbsp;вашу голову у&nbsp;меня нет. </p>
<p>Начинать готовиться к&nbsp;экзаменам, а&nbsp;тем более олимпиадам, лучше всего в&nbsp;10ом классе. Если вы&nbsp;пришли заниматься с&nbsp;10 класса, то&nbsp;занятия проходят один раз в&nbsp;неделю. В&nbsp;11ом классе, чтобы успеть усвоить огромный объем материала, большинству учащихся понадобятся уже два занятия в&nbsp;неделю.</p>
<p><strong>Образование и&nbsp;опыт работы:</strong></p>
<p>Закончила с&nbsp;отличием гимназию 1567, где училась у&nbsp;Народного учителя&nbsp;РФ Л. И. Звавича, узнав и&nbsp;опробовав на&nbsp;себе его уникальные методики преподавания. С&nbsp;успехом поступила на&nbsp;мехмат МГУ. В&nbsp;процессе обучения входила в&nbsp;число лучших студентов курса, что позволило мне окончить основное обучение с&nbsp;красным дипломом и&nbsp;продолжить обучение в&nbsp;аспирантуре, а&nbsp;в&nbsp;дальнейшем защитить кандидатскую диссертацию. Преподавать математику школьникам начала, еще будучи студентом МГУ. С&nbsp;2002 года преподаю математические дисциплины на&nbsp;химическом, экономическом, механико-математическом факультетах и&nbsp;на&nbsp;факультете биоинженерии и&nbsp;биоинформатики.</p>","МГУ имени М.В. Ломоносова, механико-математический факультет, математик, диплом с отличием",Репетиторская деятельность | Преподаватель кафедры теории вероятностей механико-математического факультета МГУ им. М.В. Ломоносова | На сервисе с сентября 2011 г. (14 лет),"МГУ имени М.В. Ломоносова, кандидат физико-математических наук | Подтвердила уровень знаний — Прошла тест с заданиями уровня ЕГЭ, GMAT и олимпиад по математике",математика: от 4330 ₽ | ДВИ по математике (МГУ): от 4330 ₽ | ЕГЭ по математике: от 4330 ₽ | ЕГЭ по математике (профильный уровень): от 4330 ₽ | олимпиады по математике: от 4330 ₽ | алгебра: от 4330 ₽ | геометрия: от 4330 ₽ | планиметрия: от 4330 ₽ | стереометрия: от 4330 ₽ | подготовка к олимпиадам: от 4330 ₽,//cdn.profi.ru/xfiles/pfiles/8ff0c8cb3420458694ed746cff429f17.png-profi_w1500.jpg,//cdn.profi.ru/xfiles/pfiles/8ff0c8cb3420458694ed746cff429f17.png-profi_w1500.jpg,,Анна Алексеевна Голдаева,
DorozhkinEI,Евгений Иванович Дорожкин,Евгений Д.,"5,0",218,//cdn.profi.ru/xfiles/pfiles/843762d5a99642e891c8c9ce0e864be5.jpg-profi_a34-240.jpg,"<p>Начинается набор на&nbsp;подготовку к&nbsp;ЕГЭ-2027 по&nbsp;химии и&nbsp;профильной математике. Занятия&nbsp;— индивидуальные и&nbsp;в&nbsp;мини-группах (3&#8722;4 человека, не&nbsp;больше).</p>
<h3>На&nbsp;лето много свободного времени, но&nbsp;уже к&nbsp;концу августа расписание на&nbsp;2026&#8722;2027 учебный год будет полностью заполнено. </h3>
<p>Перед началом занятий всегда есть бесплатное ознакомительное занятие-знакомство (30&#8722;40 минут), оценка знаний ученика, а&nbsp;также разбор пробной работы при подготовке к&nbsp;ОГЭ и&nbsp;ЕГЭ.</p>
<p>Помимо этого&nbsp;— подготовка к&nbsp;ОГЭ по&nbsp;химии и&nbsp;математике, ДВИ по&nbsp;химии.</p>
<p>Результаты учеников на&nbsp;ЕГЭ за&nbsp;последние два года по&nbsp;химии: 99, 95, 93, 91, 90, 90, 90, 88, 84, 82, 70.</p>
<p>Трижды сам сдал ЕГЭ по&nbsp;химии на&nbsp;100 баллов. Сдал ЕГЭ по&nbsp;математике на&nbsp;100 баллов.<br />
Работаю с&nbsp;учениками, начиная с&nbsp;8-го класса</p>
<p>Если вам нужно:<br />
1) сдать ЕГЭ на&nbsp;высокий балл;<br />
2) хоть как-нибудь сдать ЕГЭ;<br />
3) понять что такое ДВИ и&nbsp;поступить в&nbsp;МГУ;<br />
4) улучшить оценки в&nbsp;школе;<br />
5) научиться понимать, как устроена математика и&nbsp;о&nbsp;чем там вообще говорится в&nbsp;химии.<br />
Тогда приходите на&nbsp;занятия! Мы&nbsp;занимаемся:<br />
1) в&nbsp;любое время, с&nbsp;8 утра и&nbsp;до&nbsp;11 вечера;<br />
2) в&nbsp;любые дни, в&nbsp;том числе выходные;<br />
Занятия проводятся только дистанционно, с&nbsp;онлайн-доской для рисования формул, структур и&nbsp;геометрических фигур.</p>
<p><strong>О&nbsp;себе</strong>:<br />
Окончил школу с&nbsp;золотой медалью. В&nbsp;1999 году поступил на&nbsp;химический факультет МГУ имени М. В. Ломоносова. Окончил обучение в&nbsp;2005 году и&nbsp;сразу&nbsp;же начал работать в&nbsp;должности младшего научного сотрудника. В&nbsp;2011 году защитил кандидатскую диссертацию по&nbsp;химии. С&nbsp;2012 по&nbsp;2020 год работал в&nbsp;должности научного сотрудника в&nbsp;МГУ. Репетиторской деятельностью занимаюсь с&nbsp;2005 года. <br />
Имею второе высшее образование по&nbsp;специальности «Юриспруденция».<br />
В&nbsp;2026 году прошел профессиональную переподготовку с&nbsp;получением квалификации «Учитель химии».<br />
В&nbsp;2014, 2016 и&nbsp;2019 году сдал ЕГЭ по&nbsp;химии на&nbsp;100 баллов, по&nbsp;математике в&nbsp;2019&nbsp;— на&nbsp;100 баллов.</p>
<p><strong>Об&nbsp;учениках</strong>:</p>
<ol>
<li>Школьники 7&#8722;11 классов: подготовка по&nbsp;естественнонаучным предметам школьной программы: алгебре, геометрии, химии. Включает в&nbsp;себя устранение пробелов в&nbsp;знаниях, улучшение и&nbsp;развитие уже имеющихся знаний, подготовку в&nbsp;специализированные учебные заведения (школы физико-математического и&nbsp;химического профиля), подготовку к&nbsp;сдаче переводных школьных экзаменов и&nbsp;ГИА.</li>
<li>Абитуриенты: помощь по&nbsp;математике и&nbsp;химии при подготовке к&nbsp;поступлению в&nbsp;вузы, сдача ЕГЭ, подготовка к&nbsp;сдаче вступительных экзаменов в&nbsp;вузы.</li>
<li>Студенты: подготовка к&nbsp;сдаче сессионных зачётов и&nbsp;экзаменов по&nbsp;общей и&nbsp;неорганической химии, а&nbsp;также по&nbsp;высшей математике, математическому анализу и&nbsp;линейной алгебре.</li>
</ol>
<p><strong>О&nbsp;занятиях</strong>:<br />
Перед началом занятий всегда проводится бесплатное пробное тестирование&nbsp;— собеседование с&nbsp;учеником, выявление слабых и&nbsp;сильных сторон, рекомендации. </p>
<p>Все учебники, сборники задач и&nbsp;остальная литература предоставляются на&nbsp;время обучения в&nbsp;электронном виде.</p>
<p>В&nbsp;процессе обучения мы&nbsp;обязательно пишем проверочные работы в&nbsp;формате ЕГЭ (если они не&nbsp;проводятся в&nbsp;школе), а&nbsp;также устраиваем предварительные и&nbsp;пробные экзамены незадолго до&nbsp;проведения основного экзамена. Между занятиями всегда поддерживается связь по&nbsp;телефону как с&nbsp;учениками, так и&nbsp;с&nbsp;родителями. Мне всегда можно позвонить и&nbsp;задать любой вопрос, касающийся домашнего задания, особо хитрой задачки из&nbsp;учебника, или поинтересоваться успехами ученика.<br />
<strong>О&nbsp;требованиях</strong>:<br />
Из&nbsp;обязательных требований к&nbsp;ученикам&nbsp;— только регулярное посещение занятий и&nbsp;выполнение домашнего задания.</p>","МГУ им. М.В. Ломоносова, химический факультет | Кандидат химических наук | Южный федеральный университет, диплом магистра юриспруденции с отличием | АНО ДПО ""Академия Сколково"", образовательная программа ""Образование и педагогические науки"", учебный предмет ""Химия"", квалификация - учитель",Младший научный сотрудник | Репетиторская деятельность | Научный сотрудник химического факультета МГУ | На сервисе с ноября 2006 г. (19 лет),"Подтвердил уровень знаний — Прошёл тест с заданиями уровня ЕГЭ, GMAT и олимпиад по математике | Результат ЕГЭ по математике на 100 баллов",химия: от 3800 ₽ | ЕГЭ по химии: от 2200 ₽ | ОГЭ по химии: от 3800 ₽ | ДВИ по химии: от 3800 ₽ | математика: от 3800 ₽ | ЕГЭ по математике: от 3800 ₽ | ЕГЭ по математике (профильный уровень): от 3800 ₽ | ОГЭ по математике: от 3800 ₽ | ДВИ: от 3870 ₽,//cdn.profi.ru/xfiles/pfiles/230e9ae7157b454ea00ad8614ac4d821.jpg-profi_w1500.jpg | //cdn.profi.ru/xfiles/pfiles/4b30351e278848f483d1af74470a3099.jpg-profi_w1500.jpg,//cdn.profi.ru/xfiles/pfiles/230e9ae7157b454ea00ad8614ac4d821.jpg-profi_w1500.jpg | //cdn.profi.ru/xfiles/pfiles/4b30351e278848f483d1af74470a3099.jpg-profi_w1500.jpg,,Евгений Иванович Дорожкин,
KuznetsovaEL2,Екатерина Львовна Кузнецова,Екатерина К.,"4,97",97,//cdn.profi.ru/xfiles/pfiles/7e7d39fb1892410689beeaa0cec18d0b.jpg-profi_a34-240.jpg,"<p>Идет набор ребят для подготовки к&nbsp;Егэ-2027. <br />
Рекомендую начинать готовиться уже летом!<br />
<strong>Опыт работы</strong> более 25 лет с&nbsp;детьми от&nbsp;7 класса до&nbsp;3 курса университета. Готовлю к&nbsp;ОГЭ и&nbsp;ЕГЭ с&nbsp;любого первоначального уровня. Быстро нахожу общий язык, в&nbsp;меру строга и&nbsp;требовательна. Поддерживаю связь с&nbsp;учеником между занятиями. При подготовке к&nbsp;ОГЭ и&nbsp;ЕГЭ, провожу проверку успеваемости в&nbsp;виде написания пробных вариантов.</p>","МАИ, Инженер-математик по специальности «Прикладная математика» | МАИ, доктор физико-математических наук | Бакалавр менеджмента по направлению «Менеджмент» (2002 г.), аспирантура (2006 г.), докторантура (2012 г.) | Академия повышения квалификации и профессиональной переподготовки, программа «Подготовка экспертов по проверке экзаменационных работ ЕГЭ по математике»",Репетиторская деятельность | Преподаватель математики и физики на подготовительных курсах при МАИ | Учитель математики в физико-математической школе МАИ | Учитель математики и физики в школе | На сервисе с декабря 2007 г. (18 лет),"МАИ, кандидат физико-математических наук | Трижды победитель гранта Президента РФ «Молодые кандидаты наук» | Федеральная служба по надзору в сфере образования и науки, учебное звание «доцент» | Четыре раза являлась победителем гранта Президента РФ «Молодые доктора наук» (2013, 2015, 2017, 2019 гг.) | Подтвердила уровень знаний — Прошла тест с заданиями уровня ЕГЭ, GMAT и олимпиад по математике | Участник всероссийских и международных конференций",математика: от 4000 ₽ | ЕГЭ по математике: от 4500 ₽ | ЕГЭ по математике (профильный уровень): от 4500 ₽ | ЕГЭ по математике (базовый уровень): от 4500 ₽ | ГИА по математике: от 4000 ₽ | ЕГЭ: от 4500 ₽ | ГИА: от 4000 ₽ | ОГЭ и ЕГЭ: 4000 - 4500 ₽,,,,Екатерина Львовна Кузнецова,
GalkinaAI2,Алёна Игоревна Галкина,Алёна Г.,"4,91",285,//cdn.profi.ru/xfiles/pfiles/a7afb19beac04872836f4543e2772c15.jpg-profi_a34-240.jpg,"<p>Работаю репетитором по&nbsp;математике 15 лет. Имею большой опыт подготовки к&nbsp;ЕГЭ/ОГЭ, ведения олимпиадного кружка для средней школы, подготовки в&nbsp;физмат школы и&nbsp;лицеи. Работаю с&nbsp;удовольствием и&nbsp;с&nbsp;учениками, которым математика дается с&nbsp;трудом, и&nbsp;помогаю преодолеть боязнь и&nbsp;неприятие предмета, другими глазами взглянуть на&nbsp;математику и&nbsp;по&nbsp;-новому раскрыть ее&nbsp;для себя !</p>","Окончила лицей №28, г. Йошкар-Ола (золотая медаль) | Российский государственный университет нефти и газа им. И.М. Губкина, факультет экономики и управления, специальность – экономика и управление на предприятии (с отличием) | МПГУ, математический факультет",Репетиторская деятельность | На сервисе с января 2012 г. (14 лет),"Подтвердила уровень знаний — Прошла тест с заданиями уровня ЕГЭ, GMAT и олимпиад по математике",математика: от 3500 ₽ | ЕГЭ по математике: от 3500 ₽ | ЕГЭ по математике (профильный уровень): от 3500 ₽ | ЕГЭ по математике (базовый уровень): от 3500 ₽ | ОГЭ по математике: от 3500 ₽ | ДВИ по математике: от 3500 ₽ | олимпиады по математике: от 3500 ₽ | алгебра: от 3500 ₽ | углублённая математика: от 3500 ₽ | геометрия: от 3500 ₽,,,,Алёна Игоревна Галкина,
ChudnovskiiAV,Александр Витальевич Чудновский,Александр Ч.,"4,93",254,//cdn.profi.ru/xfiles/pfiles/08cca203d3e84e33935e2437fdc981d5.jpg-profi_a34-240.jpg,"<p>Я&nbsp;являюсь техническим руководителем проекта «Учу на&nbsp;Профи.Ру» и&nbsp;активно использую сайт как в&nbsp;ходе регулярных занятий, так и&nbsp;для отбора новых учеников. Ученики, успешно прошедшие входной тест на&nbsp;сайте, могут рассчитывать на&nbsp;резервные места в&nbsp;моём расписании, которые я&nbsp;специально придерживаю для целеустремлённых учеников, а&nbsp;клиенты, успешно прошедшие основной тест на&nbsp;сайте,&nbsp;— ещё и&nbsp;на&nbsp;скидки. ;-)</p>
<p>Специальный приз компании «Ваш репетитор» за&nbsp;демонстрацию самых высоких стандартов качества работы частного репетитора (2010 г.).<br />
Победитель конкурса «Репетитор года» (2011 г.) в&nbsp;номинации «Самый пунктуальный преподаватель».<br />
Победитель в&nbsp;специальной номинации «За&nbsp;наибольшее количество рекомендованных в&nbsp;2012 году клиентов».<br />
Победитель в&nbsp;номинации «Драгоценный вклад», премия «Репетитор года» (2013 г.).<br />
Победитель интеллектуального турнира для репетиторов в&nbsp;2015 году.<br />
Обладатель специального приза «Партнёр года&nbsp;— 2015».<br />
Преподавателя рекомендует компания «Ваш репетитор».</p>","Окончил МФТИ, ФОПФ, два красных диплома","Опыт репетиторской деятельности: абитуриенты в АНХ, ВШЭ, ГУГН, ГУУ, МАДИ, МАИ, МАМИ, МАРХИ, МАТИ, МГИМО, МГСУ, МГТУ, МГУ, МИИГАиК, МИИТ, МИРЭА, МИСиС, МИФИ, ММА, МТУСИ, МФТИ, МЭИ, РГГУ, РГСУ, РЭА, ФА | Научный сотрудник ФИАН (2002-2007 годы) и МФТИ (с 2007 года) | Преподаватель кафедры общей физики МФТИ | Редактор образовательного журнала «Потенциал» (2005-2008 годы) и научного журнала «Труды МФТИ» (с 2008 года) | Преподаватель подготовительного отделения МФТИ | Лектор, автор заданий и рецензент ЗФТШ при МФТИ | Преподаватель спецкурса по физике и математике в Лицее №11 «Физтех», г. Долгопрудный | Научный руководитель Международной олимпиады «Тенгри» по физике (с 2015 г.) и информатике (с 2017 г.) | На сервисе с февраля 2008 г. (18 лет)","Золотая медаль на Международной олимпиаде по физике (Италия) | Награда «За преданность олимпиадному движению» от министра образования Якутии | Подтвердил уровень знаний — Прошёл тест с заданиями уровня ЕГЭ, GMAT и олимпиад по математике | Подтвердил уровень знаний — Прошёл тест с заданиями уровня ЕГЭ, GMAT и олимпиад по физике",физика: 500 - 5000 ₽ | олимпиады по физике: 500 - 5000 ₽ | ЕГЭ по физике: 500 - 5000 ₽ | ОГЭ по физике: 500 - 5000 ₽ | ДВИ по физике: 500 - 5000 ₽ | математика: 500 - 5000 ₽ | ЕГЭ по математике: 500 - 5000 ₽ | ЕГЭ по математике (профильный уровень): 500 - 5000 ₽ | ЕГЭ по математике (базовый уровень): 500 - 5000 ₽ | ОГЭ по математике: 500 - 5000 ₽,,,Принимает у себя: Тимирязевская,Александр Витальевич Чудновский,
DuvanovaVS,Валентина Степановна Дуванова,Валентина Д.,"4,86",37,//cdn.profi.ru/xfiles/pfiles/e3daf80974e044c8b59cacfaacf9f892.jpg-profi_a34-240.jpg,"<p>Терпеливо добиваюсь понимания материала учеником. При необходимости использую различные методики: модульное обучение, Триз (теорию решения изобретательских задач) и&nbsp;др. <br />
Защитила кандидатскую диссертацию на&nbsp;тему «Обучение студентов поиску решения задач». Всегда сочетала преподавание в&nbsp;университете с&nbsp;работой в&nbsp;классах с&nbsp;углубленным изучением математики. В&nbsp;лицее сдала экзамен на&nbsp;учителя высшей категории.</p>
<p>Автор более 40 статей по&nbsp;методике преподавания математики и&nbsp;10 пособий, посвященных методам решения алгебраических задач, систематизации геометрических знаний старшеклассников и&nbsp;методам решения олимпиадных задач.</p>
<p><strong>Дополнительное образование</strong>:<br />
—&nbsp;повышение квалификации по&nbsp;теме «Компьютерная грамотность: технология разработки электронных учебных материалов» (2012 г.);<br />
—&nbsp;сертификат о&nbsp;прохождении программы Educational Management Training (2004 г.);<br />
—&nbsp;сертификат о&nbsp;прохождении проекта Raising and reformulating the professional standard for school principals in&nbsp;Belarus (2006 г.).</p>","Выпускница физико-математического факультета Брестского государственного педагогического института им. А.С. Пушкина (Белоруссия), специальность – математика | Кандидат педагогических наук | Доцент",Преподавательский стаж: с 1966 по 1976 год – школы; с 1976 по 2013 год – БГПИ им. А.С. Пушкина; с 2013 по 2014 год – лицей | Репетиторский стаж | Экономист сектора сельского хозяйства | На сервисе с сентября 2016 г. (9 лет),"Подтвердила уровень знаний — Прошла тест с заданиями уровня ЕГЭ, GMAT и олимпиад по математике",математика: от 2000 ₽ | ЕГЭ по математике: от 2330 ₽ | ЕГЭ по математике (профильный уровень): от 2330 ₽ | ЕГЭ по математике (базовый уровень): от 1670 ₽ | ОГЭ по математике: от 2000 ₽ | олимпиады по математике: от 2670 ₽ | ДВИ по математике: от 2670 ₽ | ОГЭ: от 2000 ₽ | ЕГЭ: от 2500 ₽ | ОГЭ и ЕГЭ: от 2000 ₽,,,,Валентина Степановна Дуванова,
ElumeevaND,Надежда Дмитриевна Елумеева,Надежда Е.,"4,97",99,//cdn.profi.ru/xfiles/pfiles/2d241182c28d428191bc7ff6ec12c1c7.jpg-profi_a34-240.jpg,"<p>Я&nbsp;профессиональный математик, преподаватель вуза и&nbsp;опытный репетитор, специализируюсь на&nbsp;подготовке к&nbsp;ЕГЭ по&nbsp;математике 10&#8722;11классников, являюсь автором учебного пособия и&nbsp;экспертом. <br />
Занимаюсь с&nbsp;учениками любого уровня, в&nbsp;том числе берусь за&nbsp;сложные случаи, работаю с&nbsp;очень слабыми и&nbsp;немотивированными учениками.</p>
<p>Мои основные цели: </p>
<ol>
<li>Дать знания, показать, что математику можно понять, а&nbsp;не&nbsp;просто зазубрить.</li>
<li>Научить математике&nbsp;— это лишь 50% успеха. Не&nbsp;менее важно научить надёжно набрать максимум баллов в&nbsp;условиях очень регламентированного и&nbsp;сложного формата ЕГЭ. Это значит&nbsp;— научить всем тонкостям оформления и&nbsp;критериям оценок, показать все «подводные камни» будущего экзамена, научить правильно распределять время, акцентировать внимание на&nbsp;деталях и&nbsp;не&nbsp;делать досадных ошибок.</li>
<li>Формула успеха&nbsp;— это компетенция, помноженная на&nbsp;мотивацию. А&nbsp;значит, еще одна моя цель&nbsp;— это повысить мотивацию ученика, помочь ему преодолеть неуверенность, справляться с&nbsp;волнением, находить выход из&nbsp;непредвиденных ситуаций.</li>
</ol>
<p>Этих целей мы&nbsp;с&nbsp;учениками успешно достигаем за&nbsp;счет следующих принципов построения учебного процесса:</p>
<ol>
<li>Мои опыт и&nbsp;методика позволяют заниматься всего 1 раз в&nbsp;неделю по&nbsp;120 минут для 11классников и&nbsp;по&nbsp;90 минут для 10классиков, обеспечивая ученику полную концентрацию на&nbsp;предмете и&nbsp;тренируя умение сосредотачиваться на&nbsp;длительное время (экзамен будет длиться 4 часа). За&nbsp;это время можно хорошо вникнуть в&nbsp;тему, понять материал, и&nbsp;уже через несколько занятий мои ученики перестают замечать, как пролетает время, им&nbsp;становится интересно! Кроме того, занимаясь всего один раз в&nbsp;неделю, вы&nbsp;экономите свои время и&nbsp;деньги. </li>
<li>Очные занятия позволяют подобрать не&nbsp;только индивидуальную программу, но&nbsp;и&nbsp;подход к&nbsp;каждому ученику. Комфортные условия и&nbsp;дружелюбная обстановка дают возможность достичь взаимного доверия, а&nbsp;значит, максимально раскрыть потенциал каждого ученика, повысить его мотивацию и&nbsp;справиться со&nbsp;всеми «острыми» ситуациями. Технологии коучингового подхода позволяют активизировать все внутренние ресурсы ученика в&nbsp;достижении результата.</li>
<li>Я&nbsp;объясняю «на&nbsp;пальцах», простым языком, с&nbsp;большим количеством примеров и&nbsp;столько раз, сколько потребуется для полного понимания, а&nbsp;ученик самостоятельно решает, осваивая данный алгоритм, учится думать, а&nbsp;не&nbsp;просто запоминает готовое решение. А&nbsp;как только приходит понимание, повышается мотивация. </li>
<li>Большие домашние задания помогают надёжно закрепить пройденное, а&nbsp;чётко выстроенные правила их&nbsp;выполнения&nbsp;— избавиться от&nbsp;пресловутых «ошибок по&nbsp;невнимательности». </li>
<li>Чтобы не&nbsp;только усвоить материал, но&nbsp;и&nbsp;полностью реализовать себя на&nbsp;самом экзамене, справиться с&nbsp;волнением, правильно распределить время и&nbsp;не&nbsp;наделать досадных ошибок, надо написать в&nbsp;течение обучения много пробников. Этому мы&nbsp;также уделяем большое внимание.</li>
<li>До&nbsp;начала занятий я&nbsp;всегда предлагаю пройти тестирование и&nbsp;встретиться. Это позволяет нам с&nbsp;учеником заранее познакомиться, а&nbsp;родителям получить обратную связь и&nbsp;представлять реальные перспективы наших занятий. В&nbsp;дальнейшем я&nbsp;также всегда доступна для родителей и&nbsp;готова обсудить любые текущие успехи или проблемы.</li>
</ol>
<p>Эти принципы&nbsp;— результат моего 30летнего опыта, подкреплённого отличными результатами более 300 учеников, чьи отзывы вы&nbsp;можете увидеть ниже. </p>
<p>Другая сфера моей профессиональной деятельности&nbsp;— образовательный консалтинг. <br />
Провожу консультации по&nbsp;поступлению: подбор вузов и&nbsp;специальностей по&nbsp;результатам ЕГЭ или на&nbsp;перспективу.<br />
Расскажу о&nbsp;самых рейтинговых вузах, выгодных специальностях, правилах приёма, конкурсах, баллах и&nbsp;приоритетах.<br />
Оценю возможности. Составлю карту вузов. Сопровожу во&nbsp;время приёмной компании.</p>
<p>Помогу выбрать наиболее выгодные комбинации предметов для сдачи ЕГЭ тем, кто только задумывается о&nbsp;поступлении. Разработаю стратегию подготовки.<br />
Протестирую по&nbsp;математике и&nbsp;расскажу о&nbsp;структуре ЕГЭ по&nbsp;профильной математике, принципах и&nbsp;способах набора баллов, помогу оценить перспективы.</p>
<p>Ваш ребенок-старшеклассник не&nbsp;знает, какую профессию ему выбрать? —&nbsp;Помогу определиться.</p>
<p>Выбрали специальность, но&nbsp;не&nbsp;знаете, в&nbsp;какой вуз поступать? —&nbsp;Предоставлю уникальную информацию, которая поможет с&nbsp;выбором.</p>
<p>Сдали ЕГЭ, но&nbsp;куда можно поступить с&nbsp;набранными баллами? —&nbsp;Помогу с&nbsp;поступлением, подберу для вас варианты, составлю карту вузов.</p>
<p>Боитесь ошибиться с&nbsp;принятием решения во&nbsp;время приёмной компании? —&nbsp;Сопровожу, расскажу обо всех правилах приёма и&nbsp;научу работать с&nbsp;конкурсными списками.</p>
<p>Очень хочется, чтобы ребёнок получил высшее образование, но&nbsp;не&nbsp;понимаете, с&nbsp;чего начать? —&nbsp;Подскажу.</p>
<p>Какие ЕГЭ лучше выбрать, и&nbsp;как готовиться, чтобы гарантированно поступить? —&nbsp;Оценю возможности и&nbsp;разработаю стратегию.</p>
<p>Не&nbsp;знаете реального уровня знаний вашего ребенка? —&nbsp;Протестирую.</p>
<p>Ребёнок вообще ничего не&nbsp;хочет, в&nbsp;том числе и&nbsp;готовиться к&nbsp;ЕГЭ? —&nbsp;Мотивирую.</p>
<p>Вы&nbsp;в&nbsp;ужасе от&nbsp;того, сколько стоит высшее образование и&nbsp;подготовка к&nbsp;ЕГЭ? —&nbsp;Все посчитаю, чтобы оптимизировать ваши расходы.</p>
<p>Вообще ничего не&nbsp;понятно&nbsp;— паника, хаос, стресс&nbsp;— как со&nbsp;всем этим справиться? —&nbsp;Все расскажу, разложу по&nbsp;полочкам, успокою.</p>
<p>У&nbsp;вас не&nbsp;стандартная ситуация? —&nbsp;Соберу и&nbsp;проанализирую информацию конкретно под ваш случай.</p>
<p>Не&nbsp;можете оценить динамику и&nbsp;качество подготовки к&nbsp;ЕГЭ? —&nbsp;Проведу глубокое независимое тестирование на&nbsp;любом этапе подготовки, скорректирую траекторию.</p>
<p>Консультирую репетиторов по&nbsp;методике подготовки к&nbsp;ЕГЭ по&nbsp;профильной математике.</p>","МГУ им. М.В. Ломоносова, факультет вычислительной математики и кибернетики","Преподаватель кафедры высшей математики в МГУ, РГГУ, МЭСИ | Репетиторская деятельность | Опыт проверки ЕГЭ | На сервисе с октября 2009 г. (16 лет)",,математика: 2000 - 5500 ₽ | высшая математика: от 5500 ₽ | ЕГЭ по математике: 2000 - 5500 ₽ | ЕГЭ по математике (профильный уровень): 2000 - 5500 ₽ | ЕГЭ по математике (базовый уровень): 2000 - 5500 ₽ | ДВИ по математике: от 5500 ₽ | подготовка к экзаменам: 2000 - 5500 ₽ | выезд: от 7500 ₽ | групповые занятия: от 2000 ₽ | в паре: от 3000 ₽,//cdn.profi.ru/xfiles/pfiles/e0f0ea13f2604b6e80ba12ae66c2b76b.jpg-profi_w1500.jpg | //cdn.profi.ru/xfiles/pfiles/a01f655993444a74bb8b36cd2820db41.jpg-profi_w1500.jpg,//cdn.profi.ru/xfiles/pfiles/e0f0ea13f2604b6e80ba12ae66c2b76b.jpg-profi_w1500.jpg | //cdn.profi.ru/xfiles/pfiles/a01f655993444a74bb8b36cd2820db41.jpg-profi_w1500.jpg,Принимает у себя: Красногорск | Принимает у себя: Опалиха | Принимает у себя: Волоколамская | Принимает у себя: Октябрьская | Принимает у себя: Тушинская | Выезд к ученику: Москва | Выезд к ученику: Истра | Выезд к ученику: Красногорск | Выезд к ученику: Одинцово | Выезд к ученику: Архангельское | Выезд к ученику: Барвиха | Выезд к ученику: Дедовск | Выезд к ученику: Заречье | Выезд к ученику: Звенигород | Выезд к ученику: Нахабино | Выезд к ученику: Немчиновка | Выезд к ученику: Николина гора | Выезд к ученику: Павловская слобода | Выезд к ученику: Путилково | Выезд к ученику: Рождествено | Выезд к ученику: Снегири,Надежда Дмитриевна Елумеева,
EgorovDV,Денис Витальевич Егоров,Денис Е.,"4,95",103,//cdn.profi.ru/xfiles/pfiles/e865a9d81bd949869f961459c791350e.jpg-profi_a34-240.jpg,"<p>&#127891; В&nbsp;2013 году окончил факультет управления и&nbsp;прикладной математики МФТИ. Сейчас этот факультет называется Физтех-школа прикладной математики и&nbsp;информатики МФТИ. </p>
<p>&#127942; Являюсь победителем олимпиады «Физтех» по&nbsp;математике и&nbsp;физике, победителем регионального этапа ВСОШ по&nbsp;математике.</p>
<p>&#128187; Занятия провожу дистанционно на&nbsp;виртуальной доске Miro.</p>
<p>&#128210; Со&nbsp;старшеклассниками занимаюсь по&nbsp;материалам ЗФТШ при МФТИ, провожу подготовку к&nbsp;ЕГЭ и&nbsp;перечневым олимпиадам. С&nbsp;учениками 1&#8722;7 классов занимаемся по&nbsp;материалам математических кружков, Сириус курсов. Учимся рассуждать и&nbsp;видеть, в&nbsp;каких задачах какие методы нужно применять. Готовимся к&nbsp;поступлению в&nbsp;топовые школы.</p>
<p>&#128150; Буду рад видеть Вас на&nbsp;своих занятиях!</p>","МФТИ (ГУ), прикладные математика и физика, магистр | Аспирантура МФТИ | Сириус курсы, сертификат с отличием об окончании курса «Дополнительные главы алгебры. 7 класс» | Образовательный центр «Сириус» дополнительные главы комбинаторики, 7 класс | Образовательный центр «Сириус» дополнительные главы геометрии, 7 класс, продвинутый уровень | Образовательный центр «Сириус» дополнительные главы физики, статика, 7 класс | Образовательный центр «Сириус», дополнительные главы алгебры, 8 класс | Образовательный центр «Сириус», дополнительные главы комбинаторики, 8 класс | Образовательный центр «Сириус», дополнительные главы геометрии, 8 класс, продвинутый уровень | Образовательный центр «Сириус», дополнительные главы физики, геометрическая оптика, 8 класс | Образовательный центр «Сириус», дополнительные главы физики, цепи постоянного тока, 8 класс | Образовательный центр «Сириус», дополнительные главы геометрии, 9 класс, продвинутый уровень | Образовательный центр «Сириус», дополнительные главы физики кинематика, 9 класс | Образовательный центр «Сириус», дополнительные главы физики, динамика и статика, 9 класс | Образовательный центр «Сириус», введение в алгоритмы, реализация на языке Python | Образовательный центр «Сириус», дополнительные главы алгебры, 9 класс | Образовательный центр «Сириус», теория вероятностей и математическая статистика | Образовательный центр «Сириус», дополнительные главы геометрии, 10–11 классы | ОЦ «Сириус», курс «Дополнительные главы комбинаторики. 9 класс», сертификат с отличием",На сервисе с октября 2008 г. (17 лет),"Многократный призёр республиканских олимпиад по физике и математике | Победитель третьего этапа Всероссийской олимпиады по математике | Подтвердил уровень знаний — Прошёл тест с заданиями уровня ЕГЭ, GMAT и олимпиад по математике | Подтвердил уровень знаний — Прошёл тест с заданиями уровня ЕГЭ, GMAT и олимпиад по физике",математика: от 5000 ₽ | олимпиады по математике: от 5000 ₽ | ЕГЭ по математике: от 5000 ₽ | ОГЭ по математике: от 5000 ₽ | алгебра: от 5000 ₽ | геометрия: от 5000 ₽ | ВПР по математике: от 5000 ₽ | МЦКО по математике: от 5000 ₽ | интересные задачки: от 5000 ₽ | углублённая математика: от 5000 ₽,,,,Денис Витальевич Егоров,
KazakovMU,Максим Юрьевич Казаков,Максим К.,"4,95",485,//cdn.profi.ru/xfiles/pfiles/f5405174447c4c2998d3fe2e21ce5c9b.jpg-profi_a34-240.jpg,"<p>Профессиональный репетитор</p>
<p>Лучшие результаты прошлого года: 100,100,100,100,100,98,98,98,98,95,95,95,95,95,95,95,93,93,93,93,93,93,90,90,90,90,90,90,90,90</p>
<p>Для занятий по&nbsp;моей системе ученик должен быть готов самостоятельно смотреть записи занятий и&nbsp;выполнять задания. Я&nbsp;на&nbsp;связи для вопросов, но&nbsp;индивидуальных занятий не&nbsp;провожу. Я&nbsp;строю систему, в&nbsp;которой преподаватель нужен минимально. Учу учиться самостоятельно. Даже если такого опыта еще не&nbsp;было. Если ученик готов работать, то&nbsp;результат не&nbsp;заставит себя ждать.</p>
<p>Если вы&nbsp;хотите заниматься по&nbsp;моей системе, напишите мне в&nbsp;чате, что ознакомились с&nbsp;анкетой и&nbsp;ученик готов к&nbsp;работе. Это значительно ускорит начало нашей работы. Работы будет много. Результат будет хороший.</p>
<p>Меня зовут Казаков Максим, я&nbsp;репетитор и&nbsp;основатель онлайн-школы математики и&nbsp;информатики. </p>
<p>Обычно ко&nbsp;мне приходят, если нужно получить высокие баллы на&nbsp;экзаменах и&nbsp;ученик готов для этого выполнять свою часть работы. </p>
<p>Знаю и&nbsp;обучаю правильному оформлению заданий экзамена. Являюсь экспертом ЕГЭ.</p>
<p>По&nbsp;информатике наиболее выгодный язык сейчас Python. На&nbsp;нем легче сдавать ЕГЭ. Именно его изучаем на&nbsp;курсе с&nbsp;нуля до&nbsp;уровня немного выше ЕГЭ.</p>
<p>Свой курс я&nbsp;разрабатываю для учеников, настроенных на&nbsp;работу. Начальный уровень знаний не&nbsp;имеет значения. Все изучаем с&nbsp;начала, с&nbsp;пониманием. Пройдите пробные бесплатные занятия, чтобы лучше понять систему подготовки. </p>
<p>Основная часть учеников за&nbsp;год подготовки набирает на&nbsp;экзаменах ЕГЭ больше 80 баллов. Конечно, это требует также серьезной и&nbsp;ответственной работы ученика. Для хороших результатов достаточно делать все домашние задания полностью и&nbsp;вовремя. Занятия у&nbsp;меня не&nbsp;подойдут тем, кто не&nbsp;имеет возможности выполнять домашние работы не&nbsp;зависимо от&nbsp;причин.</p>
<p>Высокие результаты позволяют ученику далее выбрать для поступления на&nbsp;бюджет тот вуз, которой ему хочется.</p>
<p>Так как я&nbsp;сам программист (и&nbsp;по&nbsp;образованию, и&nbsp;по&nbsp;призванию), я&nbsp;создал интернет-платформу, которая сильно упрощает процесс подготовки к&nbsp;экзаменам, это позволяет мне подготавливать сразу много учеников и&nbsp;при этом с&nbsp;высокими результатами. Фото посмотрите ниже.</p>
<p>Ученику любого начального уровня будет легко, ступенька за&nbsp;ступенькой осваивать все более и&nbsp;более сложные темы. Единственное требование&nbsp;— ученик должен учиться честно, сообщать мне обо всех появляющихся трудностях и&nbsp;не&nbsp;пытаться «имитировать» учебу с&nbsp;помощью разных средств.</p>
<p>Мои ученики каждый месяц пишут пробный экзамен&nbsp;— так мы&nbsp;отслеживаем прогресс и&nbsp;видим каким темам нужно уделить дополнительное внимание. </p>
<p>В&nbsp;течение всего года ученику нужно выполнять объемные домашние задания&nbsp;— только так мы&nbsp;сможем столкнуться со&nbsp;всеми трудностями и&nbsp;опасными местами всех заданий экзамена еще до&nbsp;самого экзамена в&nbsp;безопасных условиях.</p>
<p>Часть заданий я&nbsp;даю ученикам на&nbsp;самостоятельное решение с&nbsp;возможностью посмотреть разбор ПОСЛЕ самостоятельных попыток решения&nbsp;— нам важно формировать и&nbsp;закреплять навыки самостоятельного поиска решения (по&nbsp;знакомой теме), наличие которых сильно упрощает не&nbsp;только получение высоких баллов на&nbsp;экзамене, но&nbsp;даст результат в&nbsp;других предметах и&nbsp;жизни в&nbsp;целом. Ученик постепенно переходит из&nbsp;позиции «Обучайте меня» в&nbsp;позицию «Я&nbsp;учусь». </p>
<p>Обязательным элементом подготовки является работа над ошибками&nbsp;— чтобы научиться недостаточно ошибиться, нужно перестать ошибаться там, где ранее ошибался. Моя платформа помнит все ошибки каждого ученика. </p>
<p>Еще одним обязательным элементом подготовки является систематическое повторение. Я&nbsp;редко встречал людей, которые обладают идеальной памятью. Я&nbsp;часто встречал людей, которые игнорируют и&nbsp;недооценивают повторения для того, чтобы надежно помнить все детали и&nbsp;тонкости. Поэтому у&nbsp;меня повторение является обязательным и&nbsp;его невозможно не&nbsp;сделать. Моя платформа знает, какую теорию ученик помнит хорошо, а&nbsp;какую хуже, и&nbsp;выводит на&nbsp;повторение с&nbsp;нужными интервалами.</p>
<p>После многих занятий ученик пишет небольшие контрольные работы по&nbsp;пройденным темам с&nbsp;ограничением времени выполнения. Ученику нужно привыкать к&nbsp;стрессовой ситуации экзамена, чтобы действовать на&nbsp;нем уверенно. </p>
<p>В&nbsp;конце учебного года у&nbsp;нас проходит бесплатный 60-дневный марафон, на&nbsp;котором повторяем годовую программу. А&nbsp;затем, перед экзаменом, проходит еще 7-дневный интенсив, на&nbsp;котором мы&nbsp;еще раз повторяем всю годовую программу, чтобы выйти на&nbsp;пик формы ко&nbsp;дню экзамена. </p>
<p>Для того, чтобы родители были в&nbsp;курсе успеваемости ученика, а&nbsp;еще более для того, чтобы ученик чувствовал большую ответственность за&nbsp;свою работу каждую неделю я&nbsp;высылаю подробный отчет родителям (на&nbsp;почту, вацап, телеграм)</p>
<p>Все задания ученик получает в&nbsp;своем личном кабинете на&nbsp;сайте. При выполнении постепенно уровень сложности растет, в&nbsp;заданиях начинают появляться места частых ошибок учеников. Если ученик ошибается, он&nbsp;может посмотреть видео решения, затем получает другую похожую задачу снова, а&nbsp;если отвечает верно, то&nbsp;движется вперед. Все его ошибки запоминаются, чтобы в&nbsp;будущем дать ему еще раз эту задачу. Игровая система дополнительно увлекает ученика и&nbsp;мотивирует его делать больше. </p>
<p>Также на&nbsp;сайте представлены записи всех занятий и&nbsp;ученик может вернуться к&nbsp;любой теме, повторить ее, сделать новые задания еще раз. </p>
<p>Чтобы ученик всегда понимал, какие задачи нужно делать сейчас в&nbsp;личном кабинете есть раздел заданные работы. В&nbsp;него попадают все домашние задания, контрольные работы, работы на&nbsp;повторения и&nbsp;пробные экзамены.</p>
<p>Занятия у&nbsp;меня проходят в&nbsp;формате онлайн-курса. Достоинства такого формата:<br />
—&nbsp;можно заниматься в&nbsp;любое время;<br />
—&nbsp;можно заниматься из&nbsp;любого места, где есть интернет;<br />
—&nbsp;большая экономия времени на&nbsp;дорогу для ученика, а&nbsp;это очень актуально при резко возрастающей нагрузке в&nbsp;экзаменационный период;<br />
—&nbsp;больше времени можно уделить повторению, качеству выполнения домашних заданий;<br />
—&nbsp;свобода от&nbsp;проблем с&nbsp;транспортом;<br />
—&nbsp;все учебные материалы всегда под рукой;<br />
—&nbsp;современные программные средства позволяют организовать процесс обучения на&nbsp;высшем уровне качества, чем индивидуальные занятия.</p>
<p>В&nbsp;онлайн-курс подготовки к&nbsp;экзаменам входят:<br />
• видеозаписи всех занятий и&nbsp;решений всех задач курса;<br />
• проверка всех домашних заданий;<br />
• доступ к&nbsp;моей обучающей интернет-платформе, на&nbsp;которой ученик выполняет задания;<br />
• дополнительные задания на&nbsp;повторение всей теории и&nbsp;правил;<br />
• работы над ошибками ученика;<br />
• еженедельные отчеты об&nbsp;успеваемости ученика для родителей;<br />
• 60-дневный марафон перед экзаменом<br />
• 7-дневный интенсив перед экзаменом<br />
• дистанционные пробные экзамены;<br />
• чат со&nbsp;мной, в&nbsp;котором можно задавать вопросы.</p>
<p>Занятия проходят на&nbsp;моей интернет-платформе. Интенсивность вы&nbsp;выбираете исходя из&nbsp;целей. Изучаем всю программу до&nbsp;100 баллов (но&nbsp;можно выбрать и&nbsp;меньше). На&nbsp;выполнение домашних работ может уходить 3&#8722;5 часов в&nbsp;неделю.</p>
<p>Также есть уровень сложность (всего их&nbsp;10, начинаем с&nbsp;5). На&nbsp;более высоких уровнях сложности появляются более сложные и&nbsp;редкие задачи. Если ученик справляется с&nbsp;текущей сложностью, система порекомендуем ему повысить сложность. Если не&nbsp;справляется&nbsp;— порекомендует понизить.</p>
<p>Перед оплатой занятий нужно пройти пробные занятия, чтобы познакомиться с&nbsp;форматом.</p>
<p>По&nbsp;математике курс состоит из&nbsp;3 частей:<br />
ПЕРВАЯ ЧАСТЬ. Задания 1&#8722;12. До&nbsp;70 баллов. Ее&nbsp;желательно проходить уже в&nbsp;10 классе. Так будет намного проще учиться в&nbsp;11 классе.<br />
ВТОРАЯ ЧАСТЬ. Задания 13, 15, 16. До&nbsp;80 баллов. Эту часть можно проходить в&nbsp;10 классе, если школьная оценка, хотя&nbsp;бы твердая четверка и&nbsp;ученик готов к&nbsp;повышенной нагрузке. Также ее&nbsp;можно проходить в&nbsp;11 классе.<br />
ТРЕТЬЯ ЧАСТЬ. Задания 14, 17, 18, 19. До&nbsp;100 баллов. Эта часть только для опытных в&nbsp;математике учеников. Рекомендуется проходить в&nbsp;11 классе если школьная оценка 5 или хотя&nbsp;бы честная 4.</p>
<p>Если цель&nbsp;— набрать больше 80 баллов, то&nbsp;лучше проходить первую и&nbsp;вторую часть в&nbsp;10 классе, а&nbsp;третью&nbsp;— в&nbsp;11 классе.</p>
<p>Если достаточно до&nbsp;80 баллов, то&nbsp;лучше в&nbsp;10 классе пройти первую часть, а&nbsp;в&nbsp;11&nbsp;— вторую (либо в&nbsp;11 классе пройти две части последовательно)</p>
<p><strong>Стоимость</strong>:<br />
Информатика ЕГЭ&nbsp;— 4800 за&nbsp;блок (32 часа работы). Всего 9 блоков в&nbsp;курсе.<br />
Математика ЕГЭ 1 часть&nbsp;— от&nbsp;2200 за&nbsp;блок (12 часов работы). Всего 8 блоков.<br />
Математика ЕГЭ 2 часть&nbsp;— от&nbsp;6000 за&nbsp;блок (32 часа работы с&nbsp;проверкой письменных работ). Всего 3 блока.<br />
Математика ЕГЭ 3 часть&nbsp;— от&nbsp;7900 за&nbsp;блок (32 часа работы с&nbsp;проверкой письменных работ). Всего 4 блока.<br />
Информатика ОГЭ&nbsp;— 3000 за&nbsp;блок (12 часов работы). Всего 6 блоков.</p>
<p>Есть скидки при оплате более 1 блока одновременно и&nbsp;при покупке второго предмета. </p>
<p>При оплате всего курса математики скидка 30%, информатики&nbsp;— 20%. </p>
<p>Напишите мне в&nbsp;чате, что ознакомились с&nbsp;моей системой и&nbsp;мой формат работы ученик вообще рассматривает. </p>
<p>Репетитор года&nbsp;— 2014 в&nbsp;номинации «Лучший старт».<br />
Победитель интеллектуального турнира для репетиторов в&nbsp;2015 году.<br />
Преподавателя рекомендует компания «Ваш репетитор».</p>
<p>Награды и&nbsp;грамоты:</p>
<ol>
<li>Диплом номинанта конкурса на&nbsp;лучшее рацпредложение в&nbsp;сфере энергосбережения и&nbsp;энергоэффективности, 2013&nbsp;г.</li>
<li>Диплом победителя программы «Участник молодежного научно-инновационного конкурса» («УМНИК»), 2013&nbsp;г.</li>
<li>Патент «Способ снижения расхода топлива на&nbsp;котельных», 2013&nbsp;г.</li>
<li>Свидетельство о&nbsp;государственной регистрации программы для ЭВМ «Определение режимов работы котлов на&nbsp;котельной из&nbsp;условия минимизации годового расхода топлива котельной», 2012&nbsp;г.</li>
<li>Благодарность за&nbsp;подготовку и&nbsp;поддержку студентов КнАГТУ, принявших участие в&nbsp;Дальневосточном турнире командного мирового чемпионата ACM по&nbsp;программированию, 2009&nbsp;г.</li>
<li>Диплом за&nbsp;1 место в&nbsp;номинации «Технические специальности, старшие курсы» (более 400 часов математики) IV&nbsp;Международной олимпиады по&nbsp;математике для студентов технических и&nbsp;экономических специальностей вузов, 2008&nbsp;г.</li>
<li>Диплом участника торжественного приема ректором КнАГТУ лучших студентов университета, 2008&nbsp;г.</li>
<li>Диплом участника дальневосточного фестиваля «Студенческая весна&nbsp;— 2008».</li>
<li>Диплом за&nbsp;2 место в&nbsp;региональном туре Всероссийской студенческой олимпиады по&nbsp;математике среди студентов старших курсов, 2008&nbsp;г.</li>
<li>Диплом 3 степени за&nbsp;успешное выступление в&nbsp;Сибирской группе полуфинального этапа Командного чемпионата мира ACM по&nbsp;программированию, 2007&nbsp;г.</li>
<li>Грамота за&nbsp;успехи в&nbsp;коллективной деятельности, проявленные на&nbsp;Всероссийской студенческой олимпиаде по&nbsp;высшей математике, и&nbsp;занятое 4 место, 2007&nbsp;г.</li>
<li>Диплом участника Всероссийской студенческой олимпиады по&nbsp;высшей математике, 2007&nbsp;г.</li>
<li>Диплом по&nbsp;итогам открытого конкурса на&nbsp;лучшую работу студентов по&nbsp;естественным, техническим и&nbsp;гуманитарным наукам в&nbsp;вузах Российской Федерации, 2007&nbsp;г.</li>
<li>Диплом за&nbsp;2 место в&nbsp;четвертьфинальных соревнованиях Чемпионата мира ACM по&nbsp;программированию среди студенческих команд, 2007&nbsp;г.</li>
<li>Диплом за&nbsp;2 место в&nbsp;VIII Дальневосточной межвузовской олимпиаде по&nbsp;математике, 2006&nbsp;г.</li>
<li>Диплом 3 степени четвертьфинальных соревнований Чемпионата мира АСМ по&nbsp;программированию среди студенческих команд, 2006&nbsp;г.</li>
<li>Свидетельство об&nbsp;официальной регистрации программы для ЭВМ «Определение типов и&nbsp;числа дизель-генераторов в&nbsp;дизельной электростанции при проектировании», 2006&nbsp;г.</li>
<li>Диплом за&nbsp;1 место среди студентов 1 курса в&nbsp;вузовском туре Всероссийской студенческой олимпиады по&nbsp;высшей математике, 2005&nbsp;г.</li>
<li>Диплом 3 степени регионального тура Всероссийской студенческой олимпиады по&nbsp;математике среди вузов Дальнего Востока, 2005&nbsp;г.</li>
</ol>","Комсомольский-на-Амуре государственный технический университет, факультет компьютерных технологий, специальность – математическое обеспечение и администрирование информационных систем (диплом с отличием) | Кандидат технических наук",Опыт репетиторства | Преподаватель информатики в лицее при университете | Преподаватель информатики и программирования в вузе | На сервисе с февраля 2014 г. (12 лет),"Подтвердил уровень знаний — Прошёл тест с заданиями уровня ЕГЭ, GMAT и олимпиад по математике",информатика: 330 - 430 ₽ | ЕГЭ по информатике: от 370 ₽ | ОГЭ по информатике: от 470 ₽ | математика: от 370 ₽ | ЕГЭ по математике: от 370 ₽ | ЕГЭ по математике (профильный уровень): от 370 ₽ | алгебра: от 370 ₽ | геометрия: от 370 ₽ | ЕГЭ: от 370 ₽ | ОГЭ: от 470 ₽,//cdn.profi.ru/xfiles/pfiles/136a3f74bab04371b8d4919a36c60735.jpg-profi_w1500.jpg | //cdn.profi.ru/xfiles/pfiles/cac2a81516c4455e84e2a9aca93d3dc9.png-profi_w1500.jpg | //cdn.profi.ru/xfiles/pfiles/22baa11543d64d96b7aacfaa28e1f70d.png-profi_w1500.jpg | //cdn.profi.ru/xfiles/pfiles/a27137042f304b45a089976dba016645.png-profi_w1500.jpg | //cdn.profi.ru/xfiles/pfiles/d58c1cfa456c48b48cdb267c94c741c6.png-profi_w1500.jpg | //cdn.profi.ru/xfiles/pfiles/499739e46ac64d15bfe8d124cc00cef8.png-profi_w1500.jpg | //cdn.profi.ru/xfiles/pfiles/6cf0210e08284407b8f8d71450ac391c.png-profi_w1500.jpg | //cdn.profi.ru/xfiles/pfiles/ed461763dd244559937aa1780b161e10.png-profi_w1500.jpg | //cdn.profi.ru/xfiles/pfiles/84e02f3a5bf64192b3566bfe04e5cafb.jpg-profi_w1500.jpg,//cdn.profi.ru/xfiles/pfiles/136a3f74bab04371b8d4919a36c60735.jpg-profi_w1500.jpg | //cdn.profi.ru/xfiles/pfiles/cac2a81516c4455e84e2a9aca93d3dc9.png-profi_w1500.jpg | //cdn.profi.ru/xfiles/pfiles/22baa11543d64d96b7aacfaa28e1f70d.png-profi_w1500.jpg | //cdn.profi.ru/xfiles/pfiles/a27137042f304b45a089976dba016645.png-profi_w1500.jpg | //cdn.profi.ru/xfiles/pfiles/d58c1cfa456c48b48cdb267c94c741c6.png-profi_w1500.jpg | //cdn.profi.ru/xfiles/pfiles/499739e46ac64d15bfe8d124cc00cef8.png-profi_w1500.jpg | //cdn.profi.ru/xfiles/pfiles/6cf0210e08284407b8f8d71450ac391c.png-profi_w1500.jpg | //cdn.profi.ru/xfiles/pfiles/ed461763dd244559937aa1780b161e10.png-profi_w1500.jpg | //cdn.profi.ru/xfiles/pfiles/84e02f3a5bf64192b3566bfe04e5cafb.jpg-profi_w1500.jpg,Принимает у себя: Савёловская,Максим Юрьевич Казаков,
OkinAA,Анатолий Александрович Окин,Анатолий О.,"4,90",213,//cdn.profi.ru/xfiles/pfiles/a02a87ab2666447981c01509f7172fe3.jpg-profi_a34-240.jpg,<p>Участник проекта «Добрые уроки».</p>,"Окончил МГУ им. М.В. Ломоносова, специальность «История и методология физики»",Репетиторская деятельность | Преподаватель на кафедре физики МГТУ «МАМИ» | На сервисе с апреля 2008 г. (18 лет),"Подтвердил уровень знаний — Прошёл тест с заданиями уровня ЕГЭ, GMAT и олимпиад по математике | Подтвердил уровень знаний — Прошёл тест с заданиями уровня ЕГЭ, GMAT и олимпиад по физике",физика: 2000 - 4500 ₽ | ЕГЭ по физике: от 2500 ₽ | ГИА по физике: от 2500 ₽ | олимпиады по физике: 3500 - 4500 ₽ | ДВИ по физике: от 3000 ₽ | математика: от 3000 ₽ | ЕГЭ по математике: от 2500 ₽ | ЕГЭ по математике (профильный уровень): от 2500 ₽ | ЕГЭ по математике (базовый уровень): от 2500 ₽ | алгебра: от 3000 ₽,,,Принимает у себя: Щукинская | Выезд к ученику: Октябрьское Поле | Выезд к ученику: Планерная | Выезд к ученику: Полежаевская | Выезд к ученику: Спартак | Выезд к ученику: Щукинская,Анатолий Александрович Окин,
IvanovaTV9,Татьяна Владимировна Иванова,Татьяна И.,"5,0",40,//cdn.profi.ru/xfiles/pfiles/390e8cdecd964efaa90458f64d20aec5.png-profi_a34-240.jpg,"<p>Многолетний опыт подготовки к&nbsp;поступлению в&nbsp;физико-математические лицеи, в&nbsp;том числе в&nbsp;ЛНИП (Лицей Научно-Инженерного Профиля в&nbsp;Королеве) по&nbsp;физике и&nbsp;математике. Строгий контроль выполнения домашних заданий для всех учеников.<br />
Углубленная математика для учеников 5, 6 и&nbsp;7 классов. Подготовка к&nbsp;поступлению в&nbsp;физмат-школы. Углубленная физика для учеников 7 и&nbsp;8 класса.</p>
<p>Оптимальный формат подготовки в&nbsp;физико-математический лицей (ЛНИП) для 5, 6 и&nbsp;7 классов&nbsp;— 1 или 2 раза в&nbsp;неделю по&nbsp;90 минут. Строгий контроль выполнения домашних заданий для всех учеников. Ежедневная проверка дз&nbsp;онлайн с&nbsp;отчетностью на&nbsp;личной странице ученика.</p>
<p>Основной формат работы&nbsp;— дистанционный.</p>
<p>Я&nbsp;— профессиональный репетитор (ИП) и&nbsp;занимаюсь с&nbsp;учениками по&nbsp;собственной авторской программе.</p>
<p>Участница вебинаров компании PROFI.RU:<br />
—&nbsp;«Преобразование и&nbsp;графическое представление неравенств»;<br />
—&nbsp;«Графические приёмы в&nbsp;задачах с&nbsp;параметрами»;<br />
—&nbsp;«Сечения многогранников»;<br />
—&nbsp;«Оптимальный выбор»;<br />
—&nbsp;«Репетиторство без границ: технология работы с&nbsp;онлайн-группами»;<br />
—&nbsp;«LMS как эффективный инструмент в&nbsp;работе репетитора»;<br />
—&nbsp;«Создаём эффективные обучающие курсы».</p>","МФТИ, факультет общей и прикладной физики, специальность – прикладная физика и математика (диплом с отличием) | Кандидат физико-математических наук",Опыт репетиторства | Опыт преподавания – Заочная физико-техническая школа | На сервисе с августа 2012 г. (13 лет),"Подтвердила уровень знаний — Прошла тест с заданиями уровня ЕГЭ, GMAT и олимпиад по математике",математика: 2670 - 5330 ₽ | олимпиады по математике: от 5330 ₽ | алгебра: от 5330 ₽ | геометрия: от 5330 ₽ | планиметрия: от 5330 ₽ | элементарная математика: от 2670 ₽ | интересные задачки: от 5330 ₽ | углублённая математика: от 5330 ₽ | физика: 1670 - 5330 ₽ | олимпиады по физике: 2000 - 5330 ₽,,,Принимает у себя: Королёв,Татьяна Владимировна Иванова,
MirzafatihovRM,Рим Николаевич Мирзафатихов,Рим М.,"4,87",143,//cdn.profi.ru/xfiles/pfiles/2c6a47fd9d724b0686605c0886db00f0.jpg-profi_a34-240.jpg,"<p>Приглашаю учеников 7&#8722;11 классов, подготовка к&nbsp;ЕГЭ и&nbsp;ОГЭ по&nbsp;физике и&nbsp;математике на&nbsp;2027 год, олимпиады и&nbsp;Дви по&nbsp;физике, учимся самостоятельно думать, и&nbsp;понимать предмет, подготовка к&nbsp;экзаменам в&nbsp;вузы, возможны занятия в&nbsp;парах, повышение успеваемости </p>
<p>Лучшие ученики поступили в&nbsp;ведущие Вузы- МГУ, МИФИ, МФТИ, МГТУ Баумана и т. д, результаты учеников за&nbsp;2019&#8722;2025г Физика 100,98,96,94,92,87,87,85,81,81,76,70,65,62,59 Математика&nbsp;— 92,82,80,78,76, 72,70,62,60,55<br />
Главная цель моих занятий&nbsp;— привить любовь к&nbsp;этим предметам, заинтересовать их&nbsp;физикой и&nbsp;математикой. На&nbsp;моих уроках ребята самостоятельно находят решения задач, я&nbsp;только направляю их&nbsp;в&nbsp;нужное русло. В&nbsp;этом особенность моего преподавания. Ученики учатся думать, находить выход из, казалось&nbsp;бы, тупиковых ситуаций, анализировать.<br />
Преподаю физику и&nbsp;математику учащимся 5&#8722;11 классов, возможен выезд. Подготавливаю к&nbsp;ОГЭ, ЕГЭ не&nbsp;путём натаскивания по&nbsp;вопросам, а&nbsp;даю более глубокие и&nbsp;фундаментальные знания по&nbsp;этим наукам. Мои ученики без проблем решают самую сложную часть ЕГЭ. <br />
Хочу обратить внимание родителей: чтобы получить высокие баллы по&nbsp;ЕГЭ, ОГЭ необходимо заниматься заранее, желательно за&nbsp;2 года.<br />
Жду Вас на&nbsp;своих занятиях. До&nbsp;встречи!</p>
<p>Участник вебинаров компании PROFI.RU:<br />
—&nbsp;«Дистанционное обучение»;<br />
—&nbsp;«Преобразование и&nbsp;графическое представление неравенств»;<br />
—&nbsp;«Графические приёмы в&nbsp;задачах с&nbsp;параметрами»;<br />
—&nbsp;«Функциональные свойства в&nbsp;задачах с&nbsp;параметрами»;<br />
—&nbsp;«Отношения и&nbsp;подобия»;<br />
—&nbsp;«Уравнения и&nbsp;неравенства с&nbsp;нуля до&nbsp;задачи №&#8201;17 (С3)».</p>","Московский инженерно-физический институт (технический университет), факультет теоретической и экспериментальной физики, специальность – ядерная физика | Аспирантура ФИАН | ВГАППССС, профессиональная переподготовка по программе дополнительного профессионального образования «Учитель физики. Педагогическая деятельность по проектированию реализации образовательного процесса в соответствии с ФГОС»","Научный сотрудник Физического института РАН им. П.Н. Лебедева, отдел ядерной физики и астрофизики | Опыт преподавания (вуз) | Опыт репетиторства | На сервисе с января 2013 г. (13 лет)","Подтвердил уровень знаний — Прошёл тест с заданиями уровня ЕГЭ, GMAT и олимпиад по физике | Подтвердил уровень знаний — Прошёл тест с заданиями уровня ЕГЭ, GMAT и олимпиад по математике | Призер всесоюзной олимпиады по физике",физика: от 3000 ₽ | ЕГЭ по физике: 3000 - 5000 ₽ | ОГЭ по физике: от 3000 ₽ | ДВИ по физике: 3000 - 5000 ₽ | ВПР по физике: от 3000 ₽ | общая физика: от 3000 ₽ | олимпиады по физике: от 3000 ₽ | механика: от 3000 ₽ | физика на английском языке: от 3000 ₽ | ГВЭ-9 по физике: от 3000 ₽,,,Принимает у себя: Одинцово | Выезд к ученику: Власиха | Выезд к ученику: Одинцовский,Рим Николаевич Мирзафатихов,
ZarifyanSE,Сергей Эдуардович Зарифян,Сергей З.,"4,91",205,//cdn.profi.ru/xfiles/pfiles/5ed5623aad5341d485b73a2788dadcb2.jpg-profi_a34-240.jpg,"<p>Я&nbsp;стараюсь быть предельно доброжелательным к&nbsp;ученику и&nbsp;никогда его не&nbsp;упрекаю отсутствием знаний, даже если вижу предельно запущенный случай. Ведь человек пришел ко&nbsp;мне за&nbsp;помощью. Но&nbsp;мне будет очень неловко получать от&nbsp;ученика деньги за&nbsp;работу, которая не&nbsp;приносит результата. Поэтому стараться должны мы&nbsp;оба&nbsp;— и я, и&nbsp;ученик.</p>
<p>Математика и&nbsp;физика&nbsp;— это не&nbsp;набор скучных формул, теорем и&nbsp;законов. Это науки, описывающие наш мир. Если вас интересует этот мир, если вам интересно, почему раскаты грома длятся две-три секунды, а&nbsp;вспышка молнии&nbsp;— мгновенье, почему у&nbsp;нас сменяются времена года, отчего космонавты на&nbsp;орбите испытывают невесомость, а&nbsp;лампочки перегорают в&nbsp;момент включения, то&nbsp;учиться вам будет легко. <br />
Если хотите получить высокие баллы на&nbsp;ЕГЭ, а&nbsp;высокими баллами я&nbsp;считаю все, что больше 80, начинайте заниматься с&nbsp;лета. Летом, когда на&nbsp;вас не&nbsp;давит школьная повседневность и&nbsp;есть возможность свободно распоряжаться своим временем, можно понять и&nbsp;изучить очень многое. </p>
<p>• Победитель конкурса «Репетитор года» (2011) в&nbsp;номинации «Приз зрительских симпатий».<br />
• Победитель интеллектуального турнира для репетиторов в&nbsp;2015 году.<br />
• Преподавателя рекомендует компания «Ваш репетитор».</p>","Окончил Тбилисский государственный университет, физический факультет, специальность – физика твердого тела",Репетиторская деятельность | Педагогический стаж – школы и подготовительные курсы | Преподаватель с государственной регистрацией | На сервисе с августа 2008 г. (17 лет),"Подтвердил уровень знаний — Прошёл тест с заданиями уровня ЕГЭ, GMAT и олимпиад по математике | Подтвердил уровень знаний — Прошёл тест с заданиями уровня ЕГЭ, GMAT и олимпиад по физике",физика: 1870 - 2200 ₽ | ЕГЭ по физике: 2200 - 2330 ₽ | ОГЭ по физике: 1930 - 2200 ₽ | олимпиады по физике: от 2000 ₽ | математика: 2000 - 2270 ₽ | ЕГЭ по математике: 2130 - 2330 ₽ | ЕГЭ по математике (профильный уровень): 2200 - 2400 ₽ | ЕГЭ по математике (базовый уровень): от 3000 ₽ | ОГЭ по математике: 2000 - 2200 ₽ | ДВИ по математике: 2070 - 2330 ₽,//cdn.profi.ru/xfiles/pfiles/f409e2d171c441f88079dc7bb3a2cb85.jpg-profi_w1500.jpg | //cdn.profi.ru/xfiles/pfiles/980c10277c374b74966806450892e41d.jpg-profi_w1500.jpg,//cdn.profi.ru/xfiles/pfiles/f409e2d171c441f88079dc7bb3a2cb85.jpg-profi_w1500.jpg | //cdn.profi.ru/xfiles/pfiles/980c10277c374b74966806450892e41d.jpg-profi_w1500.jpg,Принимает у себя: Братиславская | Выезд к ученику: Авиамоторная | Выезд к ученику: Автозаводская | Выезд к ученику: Александровский сад | Выезд к ученику: Алма-Атинская | Выезд к ученику: Аннино | Выезд к ученику: Арбатская | Выезд к ученику: Баррикадная | Выезд к ученику: Бауманская | Выезд к ученику: Беговая | Выезд к ученику: Белорусская | Выезд к ученику: Библиотека им. Ленина | Выезд к ученику: Борисово | Выезд к ученику: Боровицкая | Выезд к ученику: Братиславская | Выезд к ученику: Бульвар Дмитрия Донского | Выезд к ученику: Варшавская | Выезд к ученику: Волгоградский проспект | Выезд к ученику: Волжская | Выезд к ученику: Воробьёвы горы | Выезд к ученику: Выставочная | Выезд к ученику: Выхино | Выезд к ученику: Деловой центр | Выезд к ученику: Добрынинская | Выезд к ученику: Домодедовская | Выезд к ученику: Достоевская | Выезд к ученику: Дубровка | Выезд к ученику: Жулебино | Выезд к ученику: Зюзино | Выезд к ученику: Зябликово | Выезд к ученику: Кантемировская | Выезд к ученику: Каховская | Выезд к ученику: Каширская | Выезд к ученику: Китай-город | Выезд к ученику: Кленовый бульвар | Выезд к ученику: Кожуховская | Выезд к ученику: Коломенская | Выезд к ученику: Комсомольская | Выезд к ученику: Косино | Выезд к ученику: Котельники | Выезд к ученику: Красногвардейская | Выезд к ученику: Краснопресненская | Выезд к ученику: Красносельская | Выезд к ученику: Красные Ворота | Выезд к ученику: Крестьянская Застава | Выезд к ученику: Кропоткинская | Выезд к ученику: Кузнецкий Мост | Выезд к ученику: Кузьминки | Выезд к ученику: Курская | Выезд к ученику: Лермонтовский проспект | Выезд к ученику: Лубянка | Выезд к ученику: Лужники | Выезд к ученику: Люблино | Выезд к ученику: Марксистская | Выезд к ученику: Марьино | Выезд к ученику: Маяковская | Выезд к ученику: Менделеевская | Выезд к ученику: Москва-Сити | Выезд к ученику: Нагатинская | Выезд к ученику: Нагатинский Затон | Выезд к ученику: Нагорная,Сергей Эдуардович Зарифян,
SabitovRSh,Родион Шаукатович Сабитов,Родион С.,"4,88",152,//cdn.profi.ru/xfiles/pfiles/05af6c655860441784e8de31e028844f.jpg-profi_a34-240.jpg,"<p>Результаты ЕГЭ 2023: 22 48 54 67 72 72 74 74 78 78 83 88 88 88 90 93 95 95</p>
<p>Приглашаю новых учеников на&nbsp;занятиях в&nbsp;мини-группе онлайн, именно там мы&nbsp;делаем самые лучшие результаты по&nbsp;ЕГЭ, олимпиадам.<br />
В&nbsp;данный момент открыт набор в&nbsp;следующие группы:<br />
<strong>Лето</strong>:<br />
ЕГЭ Инф Вт&nbsp;16:00<br />
ЕГЭ Мат Пн&nbsp;16:00, вс&nbsp;13:00<br />
Инф Олимп 9&#8722;11 Кл&nbsp;база пн&nbsp;16:00, Вт&nbsp;10:00, 13:00, ср&nbsp;10:00, 13:00, вс&nbsp;13:00, средняя ср&nbsp;16:00, вс&nbsp;16:00<br />
Мат Олимп 10&#8722;11 Кл&nbsp;пн, ср&nbsp;13:00<br />
<strong>Учебный год</strong>:<br />
ЕГЭ Инф пн&nbsp;16:00, 18:30, сб&nbsp;12:30<br />
ЕГЭ Мат ср&nbsp;18:30, сб&nbsp;17:50<br />
Инф Олимп 9&#8722;11 Кл&nbsp;база вт&nbsp;16:00, вс&nbsp;18:30, средняя ср&nbsp;16:00, вс&nbsp;16:00 продвинутая сб&nbsp;15:20<br />
Мат Олимп 10&#8722;11 Кл&nbsp;вт&nbsp;18:30, вс&nbsp;13:00</p>
<p>Олимпиады по&nbsp;математике: Высшая проба, Ломоносов, Покори Воробьёвы горы, Физтех, Курчатов, СПбГУ, ММО, ИТМО, ОММО, Росатом, Межвед, Изумруд, Бельчонок, Саммат, Будущие исследователи будущее науки, Формула единства.<br />
Олимпиады по&nbsp;информатике: Высшая проба, Технокубок, СПбГУ, Innopolis, ВузАк, ИОИП, МОШ, Открытая по&nbsp;программированию, Когнитивные технологии, Шаг в&nbsp;будущее, Ломоносов, ИТМО.</p>
<p><strong>Опыт преподавания</strong> 2013-н.в.<br />
Я&nbsp;ИП, оплата расчётный счёт, либо наличными. Возможна работа по&nbsp;договору, налоговый вычет.</p>","МГУ им. М.В. Ломоносова, факультет вычислительной математики и кибернетики, специальность – прикладная математика и информатика",На сервисе с марта 2009 г. (17 лет),"Подтвердил уровень знаний — Прошёл тест с заданиями уровня ЕГЭ, GMAT и олимпиад по математике",математика: 1300 - 3330 ₽ | ЕГЭ по математике: 1300 - 3330 ₽ | ЕГЭ по математике (профильный уровень): 1300 - 3330 ₽ | ЕГЭ по математике (базовый уровень): 1300 - 3330 ₽ | олимпиады по математике: 1300 - 3330 ₽ | ОГЭ по математике: 1300 - 3330 ₽ | ДВИ по математике: 1350 - 3330 ₽ | геометрия: 1300 - 3330 ₽ | планиметрия: 1300 - 3330 ₽ | стереометрия: 1300 - 3330 ₽,,,Выезд к ученику: Университет,Родион Шаукатович Сабитов,
RodeKV,Константин Вадимович Родэ,Константин Р.,"4,84",61,//cdn.profi.ru/xfiles/pfiles/658460c1d1c448a5a881d70d5fb7d41d.jpg-profi_a34-240.jpg,"<p>Здравствуйте, уважаемые родители и&nbsp;ученики! Я&nbsp;репетитор по&nbsp;математике и&nbsp;информатике с&nbsp;большим опытом подготовки к&nbsp;ЕГЭ и&nbsp;ОГЭ. Экспертный уровень МЦКО 2026 по&nbsp;математике. Экспертный уровень МЦКО 2026 по&nbsp;информатике. Сдал ЕГЭ информатике в&nbsp;2026 на&nbsp;100 баллов. </p>
<p>Качественная и&nbsp;системная подготовка позволяет мне добиваться высоких результатов с&nbsp;учениками разного уровня знаний. Я&nbsp;умею доступно объяснять материал и&nbsp;заинтересовать ученика предметом. Доброжелательный подход к&nbsp;каждому ученику и&nbsp;нацеленность на&nbsp;высокий результат позволяют добиться отличных результатов на&nbsp;экзаменах.</p>
<p>Результаты работы за&nbsp;2025 учебный год:<br />
Профильный ЕГЭ по&nbsp;математике&nbsp;— 94, 94, 90, 88, 84, 82, 80, 80, 80, 80, 80, 70, 64 баллов.<br />
ЕГЭ по&nbsp;информатике&nbsp;— 95, 90, 88, 80, 78, 75, 75, 75 баллов.</p>
<p>Основной принцип обучения&nbsp;— от&nbsp;успеха к&nbsp;успеху. Для каждого ученика разрабатывается индивидуальная программа подготовки к&nbsp;экзаменам, которая позволит достичь максимального результата.<br />
Я&nbsp;более 20 лет занимаюсь подготовкой школьников к&nbsp;различным экзаменам: ОГЭ, ЕГЭ, ДВИ и&nbsp;олимпиадам. На&nbsp;занятиях стараюсь заинтересовать ребят математикой устранить пробелы и&nbsp;систематизировать пройденный материал. Уделяю большое внимание развитию математического мышления школьников, а&nbsp;также психолого-педагогическому сопровождению занятий: диагностика знаний, наклонностей и&nbsp;способностей, рекомендации родителям. Большое внимание на&nbsp;занятиях уделяю оформлению заданий, чтобы оно соответствовало последним требованиям ФИПИ. Многие мои ученики успешно сдали экзамены и&nbsp;поступили в&nbsp;престижные учебные заведения. Особенно хочу подчеркнуть, что среди моих учеников есть и&nbsp;такие, кто сдал ЕГЭ на&nbsp;100 баллов. </p>
<p>Я&nbsp;провожу дистанционные занятия на&nbsp;платформах Zoom, Skype, Discord. <br />
Системная и&nbsp;качественная подготовка позволит Вашему ребенку успешно подготовится к&nbsp;экзаменам по&nbsp;математике и&nbsp;информатике.</p>","Московский институт электронного машиностроения, факультет прикладной математики, квалификация – инженер-математик | Профиматика, курс дополнительного образования «Экспертная проверка»",Опыт репетиторства | На сервисе с апреля 2014 г. (12 лет),"Подтвердил уровень знаний — Прошёл тест с заданиями уровня ЕГЭ, GMAT и олимпиад по математике | Подтвердил уровень знаний — Прошёл тест с заданиями уровня ЕГЭ, GMAT и олимпиад по физике | ЕГЭ по информатике, 100 баллов",математика: от 2400 ₽ | ЕГЭ по математике: от 2400 ₽ | ЕГЭ по математике (профильный уровень): от 2400 ₽ | ЕГЭ по математике (базовый уровень): от 2400 ₽ | ОГЭ по математике: от 2400 ₽ | олимпиады по математике: от 2400 ₽ | ГВЭ-11 по математике: от 2400 ₽ | ДВИ по математике: от 2400 ₽ | физика: от 2400 ₽ | ОГЭ по физике: от 2400 ₽,,,Выезд к ученику: Волоколамская | Выезд к ученику: Митино | Выезд к ученику: Мякинино | Выезд к ученику: Октябрьское Поле | Выезд к ученику: Панфиловская | Выезд к ученику: Планерная | Выезд к ученику: Полежаевская | Выезд к ученику: Пятницкое шоссе | Выезд к ученику: Спартак | Выезд к ученику: Строгино | Выезд к ученику: Сходненская | Выезд к ученику: Тушинская | Выезд к ученику: Хорошёвская | Выезд к ученику: Щукинская,Константин Вадимович Родэ,
GolikovDS,Дмитрий Сергеевич Голиков,Дмитрий Г.,"4,88",139,//cdn.profi.ru/xfiles/pfiles/998c71124f454bc288aa578421ce5065.jpg-profi_a34-240.jpg,"<p>Действующий преподаватель физического факультета МГУ имени М. В. Ломоносова.</p>
<p>Предлагаю вам эффективные, не&nbsp;уступающие очной встрече, дистанционные занятия с&nbsp;использованием интерактивной доски для одновременного письма на&nbsp;электронном листе с&nbsp;дальнейшим сохранением всех записей в&nbsp;типографическом качестве.</p>
<p>Разработан авторский курс подготовки к&nbsp;ЕГЭ и&nbsp;ОГЭ, а&nbsp;также к&nbsp;ДВИ по&nbsp;физике для абитуриентов. Курс включает полное или расширенное изложение теории и&nbsp;решение всех характерных задач.</p>
<p>Подготовлю к&nbsp;поступлению в&nbsp;выбранную вами школу или лицей.</p>
<p>Помогу с&nbsp;освоением зарубежных программ по&nbsp;физике и&nbsp;математике.</p>
<p>Если вы&nbsp;хотите познать законы окружающего мира, с&nbsp;удовольствием объясню интересующие вас разделы физики и&nbsp;математики на&nbsp;доступном для вас уровне с&nbsp;наглядными примерами и&nbsp;задачами.</p>
<p>Покажу красоту физики и&nbsp;математики, их&nbsp;интегрированность друг в&nbsp;друга.</p>","Физический факультет МГУ им. М.В. Ломоносова, специализация – теоретическая физика, диплом с отличием | МГУ им. М.В. Ломоносова, аспирантура физического факультета",Сотрудник и преподаватель физического факультета МГУ им. М.В. Ломоносова | На сервисе с октября 2007 г. (18 лет),"ФГБОУ ВО «Московский государственный университет имени М.В.Ломоносова», кандидат физико-математических наук | Подтвердил уровень знаний — Прошёл тест с заданиями уровня ЕГЭ, GMAT и олимпиад по физике | Подтвердил уровень знаний — Прошёл тест с заданиями уровня ЕГЭ, GMAT и олимпиад по математике",математика: от 5000 ₽ | высшая математика: от 5500 ₽ | математический анализ: от 5500 ₽ | линейная алгебра: от 5500 ₽ | дифференциальные уравнения: от 5500 ₽ | аналитическая геометрия: от 5500 ₽ | статистика: от 5500 ₽ | векторное исчисление: от 5500 ₽ | векторная алгебра: от 5500 ₽ | векторный анализ: от 5500 ₽,//cdn.profi.ru/xfiles/pfiles/f65e65371b9b46a0af97111ba6080626.jpg-profi_w1500.jpg,//cdn.profi.ru/xfiles/pfiles/f65e65371b9b46a0af97111ba6080626.jpg-profi_w1500.jpg,Принимает у себя: Крылатское | Выезд к ученику: Филёвская | Выезд к ученику: Волоколамская | Выезд к ученику: Крылатское | Выезд к ученику: Митино | Выезд к ученику: Молодёжная | Выезд к ученику: Мякинино | Выезд к ученику: Парк Победы | Выезд к ученику: Пятницкое шоссе | Выезд к ученику: Славянский бульвар | Выезд к ученику: Строгино | Выезд к ученику: Театральная,Дмитрий Сергеевич Голиков,
BartnovskyML,Михаил Львович Файнгойз,Михаил Ф.,"4,81",562,//cdn.profi.ru/xfiles/pfiles/7f42e32274ef49d9abce6cad13f82ba4.jpg-profi_a34-240.jpg,"<p>Закончил МИСиС в 1967 году. В 1973 году стал кандидатом технических наук. Занимался математическим и программным обеспечением разработок, проводимых НИИ, в котором тогда работал. В период с 1996 по 2008 год преподавал предметы, связанные с математикой, вычислительной и прикладной математикой и программированием. В настоящее время занимаюсь только репетиторством.</p>","МИСиС, кандидат технических наук",Опыт преподавания | На сервисе с июня 2006 г. (20 лет),"Подтвердил уровень знаний — Прошёл тест с заданиями уровня ЕГЭ, GMAT и олимпиад по математике",математика: от 1470 ₽ | ЕГЭ по математике: от 1470 ₽ | высшая математика: от 1470 ₽ | ОГЭ по математике: от 1470 ₽ | обучение программированию: от 1470 ₽ | изучение языков программирования: от 1470 ₽ | обучение C#: от 1470 ₽ | обучение Assembler: от 1470 ₽ | обучение Fortran: от 1470 ₽ | обучение C++: от 1470 ₽,,,Принимает у себя: Фрунзенская | Выезд к ученику: Москва,Михаил Львович Файнгойз,
KonovAB,Андрей Борисович Конов,Андрей К.,"4,96",185,//cdn.profi.ru/xfiles/pfiles/208162cb240f4e99b69dc84b3e47bab2.jpg-profi_a34-240.jpg,"<p>Результаты ЕГЭ учеников прошлых лет<br />
<strong>Математика</strong>: 100,100,99,98,90,90,90,90,88,86,84,84,84,82,80,80,80,78,78,76,76,76,74,74,72,62,62.<br />
<strong>Физика</strong>: 100,100,100,97,97,97,96,95,92,88,86,86,86,82,78,78,76,72,72,70,62,62,58.<br />
Как репетитор я&nbsp;ежегодно сдаю официальные экзамены ЕГЭ.<br />
2023: матем. —&nbsp;100, физ. —&nbsp;99<br />
2022: матем. —&nbsp;98, физ. —&nbsp;97<br />
2021: матем. —&nbsp;100, физ. —&nbsp;97<br />
2020: матем. —&nbsp;100, физ. —&nbsp;99<br />
2019: матем. —&nbsp;100, физ. —&nbsp;100<br />
2018: матем. —&nbsp; 99, физ. —&nbsp;96<br />
2017: матем. —&nbsp;100, физ. —&nbsp;98<br />
ЕГЭ, олимпиады, специализированные физ-матлицеи (поступление, помощь по&nbsp;программе), обучение за&nbsp;границей.</p>
<p>Результаты ЕГЭ учеников прошлых лет<br />
<strong>Математика</strong>: 100,100,99,98,90,90,90,90,88,86,84,84,84,82,80,80,80,78,78,76,76,76,74,74,72,62,62.<br />
<strong>Физика</strong>: 100,100,100,97,97,97,96,95,92,88,86,86,86,82,78,78,76,72,72,70,62,62,58.</p>
<p>Некоторая информация обо мне:<br />
—&nbsp;мои собственные результаты сдачи официального ЕГЭ:<br />
 математика&nbsp;— 100 баллов; физика&nbsp;— 100 баллов.<br />
—&nbsp;кандидат физико-математических наук (2013 г.);<br />
—&nbsp;золотая медаль физико-математического лицея №&#8201;131;<br />
—&nbsp;красный диплом физического факультета Казанского государственного университета;<br />
—&nbsp;доцент университета.</p>
<p>Как репетитор я&nbsp;ежегодно сдаю официальные экзамены ЕГЭ.<br />
2021: математика&nbsp;— 100, физика&nbsp;— 97<br />
2020: математика&nbsp;— 100, физика&nbsp;— 99<br />
2019: математика&nbsp;— 100, физика&nbsp;— 100<br />
2018: математика&nbsp;— 99, физика&nbsp;— 96<br />
2017: математика&nbsp;— 100, физика&nbsp;— 98</p>
<p>Ученики успешно поступают в&nbsp;ведущие вузы страны:<br />
—&nbsp;МГУ им. Ломоносова: мехмат, физфак, ВМК;<br />
—&nbsp;Национальный университет «Высшая школа экономики»;<br />
—&nbsp;МФТИ;<br />
—&nbsp;МГТУ им.&nbsp;Н. Э. Баумана;<br />
—&nbsp;МИФИ<br />
—&nbsp;РАНХиГС<br />
—&nbsp;Финансовый университет при Правительстве Р Ф<br />
—&nbsp;Российский экономический университет им.&nbsp;Г. В. Плеханова<br />
—&nbsp;Московский авиационный институт<br />
—&nbsp;Российский государственный университет нефти и&nbsp;газа им.&nbsp;И. М. Губкина</p>
<p>Занимаюсь с&nbsp;учениками и&nbsp;помогаю осваивать программу зарубежных школ Англии, Германии, Швейцарии, США.</p>
<p>Занимаюсь со&nbsp;школьниками из&nbsp;физмат спецшкол г.&nbsp;Москвы.</p>
<p>Подготовка к&nbsp;олимпиадам, результаты которых идут в&nbsp;зачёт 100 баллов ЕГЭ по&nbsp;соответствующим предметам; помощь и&nbsp;консультации в&nbsp;решении заочных этапов олимпиад:<br />
—&nbsp;олимпиада «Физтех» (МФТИ);<br />
—&nbsp;олимпиада «Физтех-лицей» (МФТИ&nbsp;— Фоксфорд);<br />
—&nbsp;олимпиада «РосАтом» (НИЯУ МИФИ);<br />
—&nbsp;олимпиада «Шаг в&nbsp;будущее» (МГТУ им. Баумана).</p>","КГУ, физический факультет, специальность – физика (диплом с отличием) | Аспирантура при КФТИ, специальность – химическая физика | Кандидат физико-математических наук",Научный сотрудник Казанского физико-технического института Российской академии наук (КФТИ РАН) | Опыт репетиторства | Доцент кафедры «Теоретические основы электротехники» КГЭУ | На сервисе с марта 2012 г. (14 лет),"Лучшая выпускная (дипломная) работа среди студентов физического факультета КГУ | Сдал официальные экзамены ЕГЭ Министерства образования и науки РФ для выпускников прошлых лет: по профильной математике – на 100 баллов; по физике – на 100 баллов | Подтвердил уровень знаний — Прошёл тест с заданиями уровня ЕГЭ, GMAT и олимпиад по математике | Подтвердил уровень знаний — Прошёл тест с заданиями уровня ЕГЭ, GMAT и олимпиад по физике",математика: 2500 - 7000 ₽ | ЕГЭ по математике: 2500 - 7000 ₽ | ЕГЭ по математике (профильный уровень): 2500 - 7000 ₽ | ЕГЭ по математике (базовый уровень): 2500 - 7000 ₽ | ОГЭ по математике: 2500 - 7000 ₽ | алгебра: 2500 - 7000 ₽ | геометрия: 2500 - 7000 ₽ | планиметрия: 2500 - 7000 ₽ | стереометрия: 2500 - 7000 ₽ | ВПР по математике: 2500 - 7000 ₽,,,Принимает у себя: Аминьевская,Андрей Борисович Конов,
MalchevskayaEV,Екатерина Владимировна Мальчевская,Екатерина М.,"4,93",167,//cdn.profi.ru/xfiles/pfiles/78fcd6545a024330aa3b928d1eb25fc6.jpg-profi_a34-240.jpg,"<p>Занимаюсь с&nbsp;учениками, имеющими разный уровень знаний. Готовлю учеников на&nbsp;максимальный балл по&nbsp;ЕГЭ, ОГЭ (95&#8722;100 баллов&nbsp;— это результаты моих лучших учеников), ДВИ. Являюсь экспертом ЕГЭ. Готовлю к&nbsp;поступлению в&nbsp;ведущие лицеи и&nbsp;ВУЗы. Занимаюсь олимпиадной подготовкой и&nbsp;подготовкой по&nbsp;углублённой программе для физмат школ.<br />
 Умею заинтересовать предметом, помочь обрести уверенность. Подробно, «на&nbsp;пальцах» объясняю пропущенный или непонятый материал. Провожу интенсивную экспресс-подготовку перед экзаменом для школьников и&nbsp;студентов.<br />
 Применяю эффективные методики, индивидуальный подход к&nbsp;каждому ученику. С&nbsp;первых занятий могу оценить уровень знаний и&nbsp;уровень их&nbsp;усвоения. Заранее, в&nbsp;процессе обучения, прогнозирую результат.</p>","Саратовский государственный университет им. Н.Г. Чернышевского, механико-математический факультет, специальность – математик",Стаж преподавания | Репетиторская деятельность | Преподаватель ВУЗа | На сервисе с сентября 2011 г. (14 лет),"Подтвердила уровень знаний — Прошла тест с заданиями уровня ЕГЭ, GMAT и олимпиад по математике | АНО ДПО Московская академия профессиональных компетенций, программа «Подготовка экспертов ЕГЭ по проверке выполнения заданий с развёрнутым ответом по математике»",математика: 4000 - 6000 ₽ | ЕГЭ по математике: 4000 - 6000 ₽ | ЕГЭ по математике (профильный уровень): 4000 - 6000 ₽ | ЕГЭ по математике (базовый уровень): 4000 - 6000 ₽ | ОГЭ по математике: 4000 - 6000 ₽ | высшая математика: 4000 - 6000 ₽ | математический анализ: 4000 - 6000 ₽ | интегральное исчисление: 4000 - 6000 ₽ | дифференциальное исчисление: 4000 - 6000 ₽ | линейная алгебра: 4000 - 6000 ₽,//cdn.profi.ru/xfiles/pfiles/9d2971f7411e4800aa650d4626abed06.jpg-profi_w1500.jpg,//cdn.profi.ru/xfiles/pfiles/9d2971f7411e4800aa650d4626abed06.jpg-profi_w1500.jpg,Принимает у себя: Каширская | Принимает у себя: Цветной бульвар | Выезд к ученику: Москва,Екатерина Владимировна Мальчевская,
HalilovRM,Ринат Маратович Халилов,Ринат Х.,"4,93",44,//cdn.profi.ru/xfiles/pfiles/be7a688b384f4c909158ce96c007044e.jpg-profi_a34-240.jpg,"<p>«Давать знание&nbsp;— это моё призвание! Ещё учась в&nbsp;школе, я&nbsp;посвящал всё свободное время образовательно-воспитательной работе. За&nbsp;более чем десятилетний опыт работы с&nbsp;детьми выработались умения объяснять материал кратко и&nbsp;понятно. На&nbsp;занятиях я&nbsp;не&nbsp;просто передаю теорию и&nbsp;алгоритмы решения задач, но&nbsp;стараюсь сделать это так, чтобы ученик рассуждал самостоятельно, умел работать с&nbsp;учебником, не&nbsp;боялся приступить к&nbsp;решению новой задачи.</p>
<p>Приглашаю вас стать моими учениками на&nbsp;индивидуальном дистанционном обучении. В&nbsp;своей работе мы&nbsp;используем Скайп, Вотсап или любые другие удобные для вас средства связи, а&nbsp;также виртуальную доску для разбора математических формул. Занятия проходят без видеокамеры.</p>
<p>На&nbsp;занятиях я&nbsp;легко нахожу подход к&nbsp;ученику. Вместе с&nbsp;ним формулируем цель занятий. Это может быть подготовка с&nbsp;ОГЭ/ЕГЭ, повышение успеваемости или помощь в&nbsp;решении домашних заданий.</p>
<p>К&nbsp;экзаменам мы&nbsp;готовимся путём прорешивания типовых задач. Нарабатываем и&nbsp;исправляем алгоритмы их&nbsp;решения.</p>
<p>Повышение успеваемости обычно является следствием ревизии знаний&nbsp;— выявления и&nbsp;устранения пробелов. Для этого мы&nbsp;бегло проходим темы прошлых классов. Учебники используем те&nbsp;же, что и&nbsp;были в&nbsp;школе. Их&nbsp;я&nbsp;высылаю в&nbsp;электронном виде. Мы&nbsp;так-же не&nbsp;забываем и&nbsp;о&nbsp;подготовке к&nbsp;текущей школьной программе.</p>
<p>Ученик всегда может задать любой вопрос по&nbsp;математике. Мы&nbsp;разберём его подробно до&nbsp;полного прояснения.</p>
<p>При решении задач я&nbsp;стараюсь сделать так, чтобы ученик не&nbsp;получал от&nbsp;меня готовые ответы, а&nbsp;приходил к&nbsp;ним самостоятельно. Благодаря этому растёт его уверенность в&nbsp;собственных силах.</p>
<p>С&nbsp;чего мы&nbsp;начинаем?</p>
<p>На&nbsp;первом бесплатном занятии ученик освоит виртуальную доску и&nbsp;опробует дистанционную форму занятий. Для меня пробное занятие не&nbsp;менее важно. Я&nbsp;пойму цель занятий, оценю текущий уровень уровень знаний ученика и&nbsp;его желание заниматься.</p>
<p>И&nbsp;если мы&nbsp;выбираем друг друга&nbsp;— с&nbsp;родителями составляем расписание и&nbsp;вперёд! К&nbsp;знаниям!""</p>","Уральский федеральный университет им. первого Президента России Б.Н. Ельцина, технология машиностроения, инженер | Stepik, курс «Поколение Python: курс для продвинутых» | Stepik, курс «„Поколение Python“: курс для начинающих»",Опыт работы репетитором | На сервисе с марта 2018 г. (8 лет),"Подтвердил уровень знаний — Прошёл тест с заданиями уровня ЕГЭ, GMAT и олимпиад по математике",математика: от 1300 ₽ | ОГЭ по математике: от 1300 ₽ | ЕГЭ по математике: от 1300 ₽ | алгебра: от 1300 ₽ | геометрия: от 1300 ₽ | элементарная математика: от 1300 ₽ | тригонометрия: от 1300 ₽ | линейная алгебра: от 1300 ₽ | МЦКО по математике: от 1300 ₽ | аналитическая геометрия: от 1300 ₽,//cdn.profi.ru/xfiles/pfiles/c7715c32001f4eefabd6f89ab8da3566.jpg-profi_w1500.jpg | //cdn.profi.ru/xfiles/pfiles/e2e045a4d0674aa4b40855dcb8a52fac.jpg-profi_w1500.jpg | //cdn.profi.ru/xfiles/pfiles/672065bdcd08400ca05c5f250a5e571b.png-profi_w1500.jpg | //cdn.profi.ru/xfiles/pfiles/93dc0f9c0568498a8adf3527223d4f44.png-profi_w1500.jpg,//cdn.profi.ru/xfiles/pfiles/c7715c32001f4eefabd6f89ab8da3566.jpg-profi_w1500.jpg | //cdn.profi.ru/xfiles/pfiles/e2e045a4d0674aa4b40855dcb8a52fac.jpg-profi_w1500.jpg | //cdn.profi.ru/xfiles/pfiles/672065bdcd08400ca05c5f250a5e571b.png-profi_w1500.jpg | //cdn.profi.ru/xfiles/pfiles/93dc0f9c0568498a8adf3527223d4f44.png-profi_w1500.jpg,,Ринат Маратович Халилов,
ShubinaMV,Мария Валентиновна Шубина,Мария Ш.,"4,99",115,//cdn.profi.ru/xfiles/pfiles/66138c1c276f4ce8a542c6d248ad4610.jpg-profi_a34-240.jpg,"<p>Занимаюсь английским и&nbsp;математикой буквально всю жизнь, много лет работала устным и&nbsp;письменным переводчиком. CPE Grade A, SAT 1560, GMAT 770.<br />
Успешно готовлю к&nbsp;международным экзаменам, хорошо нахожу общий язык с&nbsp;подростками. Особенно люблю мотивированных учеников, которым интересен изучаемый предмет. Пары SAT/TOEFL, SAT/IELTS, GMAT/TOEFL и&nbsp;пр.<br />
Расписание заполнено, возможны разовые консультации.</p>","МГУ им. М.В. Ломоносова, факультет вычислительной математики и кибернетики, специальность – математик | МГЛУ, факультет профессиональной переподготовки, специальность – переводчик",Репетиторский опыт | На сервисе с января 2014 г. (12 лет),"Подтвердила уровень знаний — Прошла тест с заданиями уровня ЕГЭ, GMAT и олимпиад по математике",английский язык: 4000 - 6000 ₽ | GMAT: 5000 - 7000 ₽ | международные экзамены по английскому: 5000 - 6000 ₽ | SAT: 5000 - 6000 ₽ | GRE: 5000 - 7000 ₽ | IELTS: 5000 - 6000 ₽ | TOEFL: 5000 - 6000 ₽ | разговорный английский язык: 4000 - 6000 ₽ | A.C.T.: 5000 - 6000 ₽ | SSAT: 4000 - 6000 ₽,//cdn.profi.ru/xfiles/pfiles/b8fb67d5268748638733cbcafef8df6a.jpg-profi_w1500.jpg,//cdn.profi.ru/xfiles/pfiles/b8fb67d5268748638733cbcafef8df6a.jpg-profi_w1500.jpg,Принимает у себя: Красные Ворота | Принимает у себя: Чистые пруды | Выезд к ученику: Александровский сад | Выезд к ученику: Арбатская | Выезд к ученику: Баррикадная | Выезд к ученику: Бауманская | Выезд к ученику: Беговая | Выезд к ученику: Белорусская | Выезд к ученику: Библиотека им. Ленина | Выезд к ученику: Боровицкая | Выезд к ученику: Воробьёвы горы | Выезд к ученику: Выставочная | Выезд к ученику: Деловой центр | Выезд к ученику: Добрынинская | Выезд к ученику: Достоевская | Выезд к ученику: Китай-город | Выезд к ученику: Комсомольская | Выезд к ученику: Краснопресненская | Выезд к ученику: Красносельская | Выезд к ученику: Красные Ворота | Выезд к ученику: Крестьянская Застава | Выезд к ученику: Кропоткинская | Выезд к ученику: Кузнецкий Мост | Выезд к ученику: Курская | Выезд к ученику: Лубянка | Выезд к ученику: Лужники | Выезд к ученику: Марксистская | Выезд к ученику: Маяковская | Выезд к ученику: Менделеевская | Выезд к ученику: Москва-Сити | Выезд к ученику: Новокузнецкая | Выезд к ученику: Новослободская | Выезд к ученику: Октябрьская | Выезд к ученику: Охотный Ряд | Выезд к ученику: Павелецкая | Выезд к ученику: Парк культуры | Выезд к ученику: Площадь Ильича | Выезд к ученику: Площадь Революции | Выезд к ученику: Полянка | Выезд к ученику: Пролетарская | Выезд к ученику: Проспект Мира | Выезд к ученику: Пушкинская | Выезд к ученику: Рижская | Выезд к ученику: Римская | Выезд к ученику: Серпуховская | Выезд к ученику: Смоленская | Выезд к ученику: Спортивная | Выезд к ученику: Сретенский бульвар | Выезд к ученику: Сухаревская | Выезд к ученику: Таганская | Выезд к ученику: Тверская | Выезд к ученику: Театральная | Выезд к ученику: Третьяковская | Выезд к ученику: Трубная | Выезд к ученику: Тургеневская | Выезд к ученику: Улица 1905 года | Выезд к ученику: Фрунзенская | Выезд к ученику: Цветной бульвар | Выезд к ученику: Чеховская | Выезд к ученику: Чистые пруды | Выезд к ученику: Чкаловская | Выезд к ученику: Шаболовская,Мария Валентиновна Шубина,
LukovskiiVM,Виктор Михайлович Луковский,Виктор Л.,"4,86",266,//cdn.profi.ru/xfiles/pfiles/2935b4f1ccf541d49f7e00c4e56fde91.jpg-profi_a34-240.jpg,"<p>Педагог в третьем поколении. Мои ученики учатся в МГУ им. Ломоносова, МГТУ им. Баумана, ВШЭ, мед. университетах им. Пирогова, им. Сеченова и др. Достигаю отличных результатов в работе со школьниками 5-9 классов.</p>","Окончил МГУ им. М.В. Ломоносова, естественный факультет","Репетиторская деятельность | Педагогический стаж: преподаватель математики, физики и химии в школе – 10 лет; НИИ содержания и методов обучения Академии педагогических наук (принимал участие в разработке учебных пособий) – 5 лет | На сервисе с декабря 2007 г. (18 лет)","Подтвердил уровень знаний — Прошёл тест с заданиями уровня ЕГЭ, GMAT и олимпиад по математике",химия: от 2500 ₽ | ОГЭ по химии: от 2500 ₽ | ЕГЭ по химии: от 2500 ₽ | математика: 2500 - 3000 ₽ | ЕГЭ по математике: 2500 - 3000 ₽ | ЕГЭ по математике (профильный уровень): от 2500 ₽ | ЕГЭ по математике (базовый уровень): от 2500 ₽ | ОГЭ по математике: от 2500 ₽ | алгебра: от 2500 ₽ | геометрия: от 2500 ₽,,,Принимает у себя: Профсоюзная | Выезд к ученику: Москва,Виктор Михайлович Луковский,
IlyuschenkoAV,Александр Валерьевич Илющенко,Александр И.,"4,96",133,//cdn.profi.ru/xfiles/pfiles/907027c2cc494fb6ac8aceb9fa1961c5.jpg-profi_a34-240.jpg,"<p>&#10024; Я&nbsp;не&nbsp;даю пустых обещаний, ведь ваш успех&nbsp;— в&nbsp;ваших руках!</p>
<p>&#128142; Вас ждет погружение в&nbsp;мир самостоятельных решений. </p>
<p>Мой опыт показывает: в&nbsp;среднем, ученики справляются с&nbsp;4 из&nbsp;5 заданий без моей подсказки. </p>
<p>Я&nbsp;же, в&nbsp;свою очередь, &#128175; гарантирую терпеливое разъяснение, повторяя столько раз, сколько потребуется, чтобы суть стала кристально ясной. </p>
<p>&#128293; Авторские задачники: «сплав», где подготовка к&nbsp;ЕГЭ и&nbsp;школьная программа обретают единство,&nbsp;— сокровищница формул, выкованная многолетним опытом.*</p>","СПбГУТД, направление – стратегический менеджмент, магистр | Санкт-Петербургский государственный лесотехнический университет им. С.М. Кирова, факультет механической технологии древесины, бакалавр (диплом с отличием), магистр | В 2017 году окончил аспирантуру СПбГЛТУ, преподаватель-исследователь","Опыт репетиторства | Преподаватель курсов профильной математики для абитуриентов | Колледж туризма и предпринимательства, преподаватель физики и астрономии | На сервисе с ноября 2010 г. (15 лет)","Подтвердил уровень знаний — Прошёл тест с заданиями уровня ЕГЭ, GMAT и олимпиад по физике | Подтвердил уровень знаний — Прошёл тест с заданиями уровня ЕГЭ, GMAT и олимпиад по математике",математика: от 3000 ₽ | ЕГЭ по математике: от 3000 ₽ | ЕГЭ по математике (профильный уровень): от 3000 ₽ | ЕГЭ по математике (базовый уровень): от 3000 ₽ | ОГЭ по математике: от 3000 ₽ | алгебра: от 3000 ₽ | геометрия: от 3000 ₽ | планиметрия: от 3000 ₽ | ВПР по математике: от 3000 ₽ | ГВЭ-9 по математике: от 3000 ₽,,,,Александр Валерьевич Илющенко,
DerkachNE,Надежда Евгеньевна Деркач,Надежда Д.,"4,83",66,//cdn.profi.ru/xfiles/pfiles/8d4635d1bebb43cfb59b0a3830a8b6da.jpg-profi_a34-240.jpg,"<p>Математика, несмотря на «строгость» предмета, сродни искусству. Открывать перед учениками увлекательный мир, полный загадок и&nbsp;открытий, научить их&nbsp;видеть могущество и&nbsp;красоту математической мысли&nbsp;— вот цель моих занятий.</p>
<p><strong>Победитель конкурса «Лучшие учителя России».</strong></p>
<p>Люблю свою работу, отлично знаю предмет, много лет была экспертом ЕГЭ и&nbsp;ОГЭ. Большой опыт в&nbsp;подготовке к&nbsp;экзаменам, высокие баллы у&nbsp;учеников на&nbsp;ЕГЭ и&nbsp;ОГЭ.<br />
Предоставляю ученику свободу выбора (нет выбора&nbsp;— нет развития).</p>
<p>Результаты 2022&#8722;2023 учебного года:<br />
В&nbsp;этом году ученики успешно сдали итоговый экзамен в&nbsp;9 и&nbsp;11 классах, что позволило им&nbsp;поступить в&nbsp;ведущие вузы страны. Один ученик поступил в&nbsp;МГУ. Хочу отметить, что в&nbsp;этом году процент учеников, которые справились с&nbsp;заданиями по&nbsp;геометрии, вырос, по&nbsp;сравнению с&nbsp;предыдущими. </p>
<p>Средний балл по&nbsp;ЕГЭ&nbsp;— 79,64, максимальный балл по&nbsp;ЕГЭ&nbsp;— 100.<br />
Средний балл по&nbsp;ОГЭ&nbsp;— 94,3, максимальный балл по&nbsp;ОГЭ&nbsp;— 100.</p>","Оренбургский педагогический институт, физико-математический факультет, специальность – учитель математики",Репетиторская деятельность | На сервисе с октября 2015 г. (10 лет),"Подтвердила уровень знаний — Прошла тест с заданиями уровня ЕГЭ, GMAT и олимпиад по математике | Победитель конкурса «Лучшие учителя России»",математика: от 2500 ₽ | ОГЭ по математике: от 2500 ₽ | ЕГЭ по математике: от 2500 ₽ | ЕГЭ по математике (профильный уровень): от 2500 ₽ | ЕГЭ по математике (базовый уровень): от 2500 ₽ | геометрия: от 2500 ₽ | планиметрия: от 2500 ₽ | стереометрия: от 2500 ₽ | проверка домашнего задания по математике: от 2500 ₽ | ОГЭ: от 2500 ₽,,,,Надежда Евгеньевна Деркач,
KunitsynDA,Дмитрий Андреевич Куницын,Дмитрий К.,"4,84",38,//cdn.profi.ru/xfiles/pfiles/7a60b548bb9142e8a0cf74057f10e079.jpg-profi_a34-240.jpg,"<p>Экспертный уровень ЕГЭ по&nbsp;математике и&nbsp;физике. Окончил НИЯУ МИФИ (факультет экспериментальной и&nbsp;теоретической физики) + физ-мат лицей 1511 при МИФИ с&nbsp;отличием.<br />
 Путь к&nbsp;успеху простой: нужно научиться получать удовольствие от&nbsp;занятия математикой. Утомительный «зубрёж» не&nbsp;поможет хорошо сдать экзамен. Я&nbsp;помогу вызвать интерес к&nbsp;предмету, и&nbsp;отличная оценка на&nbsp;экзамене будет неизбежна! <br />
 Работаю с&nbsp;учениками из&nbsp;физ-мат лицеев 1511, 1523, 57, 1580, 1514, 1533, 1525, лицей ВШЭ и&nbsp;др., хорошо знаю лицейские программы, помогаю с&nbsp;поступлением и&nbsp;успеваемостью. Мои ученики стали студентами МГУ, МИФИ, ВШЭ, ГУУ, МГТУ им.&nbsp;Баумана, МАДИ, МИРЭА, МЭИ. Помогаю начинающим репетиторам научиться решать и&nbsp;объяснять сложные задания 2-й части ЕГЭ.</p>","МИФИ, ядерная физика | Выпускник физико-математического лицея при МИФИ с отличием по математике",Репетиторством занимается | Преподаёт на курсах подготовки к ЕГЭ | На сервисе с ноября 2015 г. (10 лет),"Благодарность за организацию и проведение тематических мастер-классов для дошкольников по программе «Обучение математике в игровой форме» | Подтвердил уровень знаний — Прошёл тест с заданиями уровня ЕГЭ, GMAT и олимпиад по математике",математика: 2500 - 3000 ₽ | ОГЭ по математике: от 3000 ₽ | ЕГЭ по математике: от 3000 ₽ | ЕГЭ по математике (профильный уровень): от 3000 ₽ | олимпиады по математике: от 3000 ₽ | ОГЭ: от 3000 ₽ | физика: 2500 - 3000 ₽ | ОГЭ по физике: от 3000 ₽ | ЕГЭ по физике: от 3000 ₽ | олимпиады по физике: от 3000 ₽,//cdn.profi.ru/xfiles/pfiles/ec9e258cb8ee48018352f5bd632f3457.jpg-profi_w1500.jpg,//cdn.profi.ru/xfiles/pfiles/ec9e258cb8ee48018352f5bd632f3457.jpg-profi_w1500.jpg,Принимает у себя: Кантемировская | Принимает у себя: Каширская,Дмитрий Андреевич Куницын,
BondarenkoSA5,Сергей Анатольевич Бондаренко,Сергей Б.,"4,87",126,//cdn.profi.ru/xfiles/pfiles/2407f4d7c25c4370bb4f8dcf3c8c8886.jpg-profi_a34-240.jpg,"<p>Занимаюсь с&nbsp;учениками разного уровня: от&nbsp;начального до&nbsp;олимпиадного.<br />
Занятия проходят индивидуально или в&nbsp;мини-группах.<br />
Подготавливаю к&nbsp;российским и&nbsp;международным экзаменам и&nbsp;олимпиадам в&nbsp;рамках технических наук.<br />
Развиваю начальный интерес к&nbsp;предмету до&nbsp;активного самостоятельного подхода.<br />
Помогаю изучить языки программирования.</p>
<p>Методические аспекты<br />
Я&nbsp;работаю с&nbsp;учениками разного уровня подготовки&nbsp;— от&nbsp;начального до&nbsp;олимпиадного.<br />
Стараюсь индивидуально понять и&nbsp;раскрыть потенциал ученика.<br />
Считаю важным установить личный контакт с&nbsp;учеником. Отойти от&nbsp;привычного для многих школ подхода «учитель&nbsp;— начальник, дети&nbsp;— подчиненные». Выяснить, что интересно, а&nbsp;что является скучной необходимостью. Мотивировать общаясь, а&nbsp;не&nbsp;навязывая и&nbsp;наставляя. Вникать в&nbsp;проблемы ученика, а&nbsp;не&nbsp;отстраняться от&nbsp;них, лишь требуя результат.</p>
<p>Направления моей работы</p>
<ul>
<li>подготовка ребят в&nbsp;рамках технических наук: ЕГЭ, ОГЭ, олимпиады по&nbsp;математике, информатике, физике;</li>
<li>развитие появившегося в&nbsp;ребенке интереса до&nbsp;самостоятельного выбора будущей профессии;</li>
<li>помочь студентам освоить языки программирования, в&nbsp;сжатые сроки подготовиться к&nbsp;экзамену, либо помочь решить трудности, с&nbsp;которыми они столкнулись при сдаче курсовой работы.</li>
</ul>
<p>Международные экзамены<br />
Мои ученики также учатся за&nbsp;границей&nbsp;— я&nbsp;готовлю ребят к&nbsp;сдаче международных экзаменов, а&nbsp;также экзаменов в&nbsp;школе или университете. Английским языком владею как разговорным на&nbsp;бытовом уровне, так и&nbsp;технической терминологией.</p>
<p>Мини-группы<br />
Я&nbsp;занимаюсь как индивидуально, так и&nbsp;с&nbsp;мини-группами. Занятия с&nbsp;мини-группами проходят дистанционно. Для этого используются специальные сайты для коллективной работы. Ученики подбираются в&nbsp;группу примерно одного уровня&nbsp;— чтобы оценить уровень я&nbsp;прошу пройти входной тест. Для тех учеников, которые решают задачи быстрее у&nbsp;меня всегда найдется дополнительная задача на&nbsp;время пока остальные думают. Мини-группы создают атмосферу конкуренции, тем самым мотивируя активнее решать задачи.</p>
<p>Мои результаты<br />
Лучшие из&nbsp;моих учеников пишут экзамены на&nbsp;90+ и&nbsp;поступают в&nbsp;ведущие московские вузы. Должен сказать, что это совсем не&nbsp;означает, что каждый может сдать экзамены на&nbsp;90+. Бывают случаи, когда родители просто рады, что ребенок не&nbsp;провалил экзамен! А&nbsp;бывает, что ребенок пишет, на&nbsp;80+, а&nbsp;родители немного недовольны, что больше не&nbsp;получилось. Судя по&nbsp;отзывам, многие родители были довольны&nbsp;— а&nbsp;отзывы для меня&nbsp;— это самый верный показатель. Когда я&nbsp;только начинал работать репетитором, то&nbsp;именно такие отзывы дали понять, что это моя работа.</p>
<p>Дистанционные занятия<br />
В&nbsp;основном я&nbsp;занимаюсь с&nbsp;учениками дистанционно. Сегодня есть все возможности для этого.<br />
Существуют специальные веб-сайты, дающие возможность ученику и&nbsp;преподавателю писать формулы, демонстрировать файлы и&nbsp;изображения. Передача видео и&nbsp;звука позволяет чувствовать обратную связь от&nbsp;ученика.<br />
Дистанционное обучение очень популярно за&nbsp;границей, и&nbsp;постепенно завоевывает рубежи в&nbsp;нашей стране.<br />
Некоторые родители консервативно относятся к&nbsp;образованию, считая, что наиболее удачный вариант&nbsp;— очное обучение. А&nbsp;между тем технический прогресс привносит все больше изменений в&nbsp;нашу жизнь.</p>
<p>Приведу лишь несколько преимуществ дистанционного образования (ДО):</p>
<ol>
<li>Это развивает детей, ведь ДО&nbsp;— один из&nbsp;элементов технического прогресса нашего времени, который неотвратимо шагает вперед. Навыки, приобретенные ребенком в&nbsp;ДО, расширяют возможности для развития&nbsp;— можно, например, в&nbsp;последствии получить образование за&nbsp;границей, находясь в&nbsp;своей стране.</li>
<li>Ученику не&nbsp;нужно тратить время на&nbsp;дорогу. А&nbsp;преподаватель будет не&nbsp;такой уставший от&nbsp;дороги в&nbsp;пробке и&nbsp;сможет больше концентрироваться на&nbsp;занятии и&nbsp;больше знаний передаст ученику.</li>
<li>Бактерии не&nbsp;умеют передаваться через интернет!</li>
<li>Гораздо проще переносить занятия в&nbsp;случае неопределенности в&nbsp;графике. Допустим, ребенок задержался в&nbsp;школе, а&nbsp;преподаватель уже почти приехал к&nbsp;Вам&nbsp;— придется оплачивать пропуск, а&nbsp;в&nbsp;случае ДО&nbsp;— просто написать смс, с&nbsp;просьбой перенести на&nbsp;более позднее время.</li>
</ol>
<p>Советы родителям<br />
Сегодняшнее время&nbsp;— это время наукоемких технологий, где образование играет важнейшую роль. Образование является капиталом, с&nbsp;которым ребенок начинает реализовывать себя в&nbsp;современном мире.<br />
Известна аналогия образования с&nbsp;газонами, которые только благодаря регулярным поливам остаются красивыми и&nbsp;свежими.<br />
Нужно понимать, что если быстро «поднатаскать» ученика, то&nbsp;это едва&nbsp;ли повысит уровень образования. Хотя может немного увеличить баллы на&nbsp;экзамене. А&nbsp;еще такой подход формирует привычку жить от&nbsp;экзамена до&nbsp;экзамена.<br />
Поэтому заниматься нужно начинать как можно раньше.<br />
Для многих возникает вопрос стоимости занятий, ведь регулярные занятия с&nbsp;репетитором&nbsp;— это затратно. Можно выбрать занятия в&nbsp;мини-группах, это дешевле и&nbsp;создает атмосферу конкуренции. Если Вы&nbsp;все-таки хотите индивидуальные занятия то&nbsp;вместо того, чтобы экономить на&nbsp;ставке репетитора, подумайте, как организовать занятия. Например, репетитор может контролировать процесс, а&nbsp;ученик будет самостоятельно работать дома обращаясь с&nbsp;вопросами. Это позволит проводить занятия скажем не&nbsp;2 раза, а&nbsp;1 раз в&nbsp;неделю. Для мотивированного ученика этого будет достаточно. Прежде чем экономить на&nbsp;образовании, подумайте, на&nbsp;что еще можно потратить эти деньги. Например, если выбирать между благоустройством дачи, на&nbsp;которую выбираетесь несколько раз в&nbsp;год и&nbsp;образованием ребенка, я&nbsp;бы&nbsp;не раздумывал.<br />
Искать репетитора лучше в&nbsp;конце весны, когда у&nbsp;репетиторов начинается набор учеников на&nbsp;лето и&nbsp;следующий год. Хорошие репетиторы в&nbsp;октябре уже могут оказаться недоступны.</p>","МФТИ, факультет прикладной математики и экономики, специальность – прикладная физика и математика (красный диплом)",Опыт репетиторства | На сервисе с октября 2014 г. (11 лет),"Бронзовая медаль Международной математической олимпиады школьников (IMO), Тайвань | II премия Международного математического соревнования для студентов университетов (IMC), Польша | Подтвердил уровень знаний — Прошёл тест с заданиями уровня ЕГЭ, GMAT и олимпиад по математике | Подтвердил уровень знаний — Прошёл тест с заданиями уровня ЕГЭ, GMAT и олимпиад по физике",математика: от 5000 ₽ | ЕГЭ по математике: от 5000 ₽ | ЕГЭ по математике (профильный уровень): от 5000 ₽ | ЕГЭ по математике (базовый уровень): от 5000 ₽ | математика на английском языке: от 5000 ₽ | ГИА по математике: от 5000 ₽ | ДВИ по математике: от 5000 ₽ | олимпиады по математике: от 5000 ₽ | алгебра: от 5000 ₽ | геометрия: от 5000 ₽,,,Выезд к ученику: Звенигород,Сергей Анатольевич Бондаренко,
SolovevaNV5,Наталья Викторовна Соловьева,Наталья С.,"4,88",101,//cdn.profi.ru/xfiles/pfiles/6293cc7b7fe44b0aa479ad835cfd52f8.jpg-profi_a34-240.jpg,"<p>Ваш ребенок получает 2 по&nbsp;математике? Не&nbsp;понимает и&nbsp;не&nbsp;любит математику? На&nbsp;контрольных не&nbsp;успевает ничего решить? Боится егэ и&nbsp;огэ? Гарантирую улучшение ситуации при ответственном подходе. Работаю как с&nbsp;сильными, так и&nbsp;со&nbsp;слабыми учениками. Никогда не&nbsp;повышаю голос, отношусь к&nbsp;детям с&nbsp;уважением. Считаю, что научить можно практически всегда. В&nbsp;полное отсутствие мат способностей не&nbsp;верю. Очень люблю математику и&nbsp;готова привить эту любовь ученикам. </p>
<p>Сейчас я&nbsp;набираю учеников на&nbsp;2025&#8722;2026 уч&nbsp;г&nbsp;для помощи в&nbsp;повышении успеваемости и&nbsp;подготовке к&nbsp;ОГЭ и&nbsp;ЕГЭ. Для подготовки использую варианты и&nbsp;задания от&nbsp;составителей экзамена. Выезжаю к&nbsp;готовым трудиться, мотивированным ученикам (если это удобно и&nbsp;недалеко) или принимаю у&nbsp;себя и&nbsp;работаю дистанционно. Объясняю просто, понятно и&nbsp;доступно. Я&nbsp;репетитор с&nbsp;20 летним стажем, к т н. <br />
 Результаты моей работы вы&nbsp;можете видеть в&nbsp;отзывах. Записывайтесь на&nbsp;платный пробный урок. Если у&nbsp;вас есть вопросы, пишите в&nbsp;личные сообщения. Отвечу быстро.</p>","Торгово-экономический техникум, кафедра экономики, специальность – бухгалтер | Альметьевский государственный нефтяной институт (бывший филиал Российского государственного университета им. Губкина), факультет разработки, специальность – горный инженер | Кандидат технических наук | Окончила аспирантуру по специальности «технология бурения и освоения скважин»","Опыт преподавания (колледж, преподаватель вуза) | Опыт репетиторства | На сервисе с октября 2012 г. (13 лет)","Подтвердила уровень знаний — Прошла тест с заданиями уровня ЕГЭ, GMAT и олимпиад по математике",математика: от 3000 ₽ | ЕГЭ по математике: от 3000 ₽ | ЕГЭ по математике (базовый уровень): от 3000 ₽ | ЕГЭ по математике (профильный уровень): от 3000 ₽ | ОГЭ по математике: от 3000 ₽ | геометрия: от 3000 ₽ | планиметрия: от 3000 ₽ | стереометрия: от 3000 ₽ | алгебра: от 3000 ₽ | ВПР по математике: от 3000 ₽,,,Принимает у себя: Бульвар Дмитрия Донского | Принимает у себя: Улица Старокачаловская | Выезд к ученику: Бульвар Дмитрия Донского,Наталья Викторовна Соловьева,
